comment_id,score,depth,length,time_since_submission,time_since_parent,parent_score,age,karma,submission_score,urls,alignment_content,alignment_syntax_3,alignment_syntax_4,alignment_features_binary,alignment_features_frequency
curxyye,7,0,59,670,670,0,3238341,33149,0,0,0.4827138014891963,0.1426435913473704,0.2501424140768403,0.17499999999999996,0.06373536395643986
cusp1p0,1,1,26,72375,71705,7,3166636,3218,0,0,0.19927133431616603,-0.2854684543615847,0.0,-0.012500000000000011,-0.05195891065456282
cusd46y,1,1,106,42294,41624,7,3196717,0,0,0,-0.13862484898392735,-0.15477973825136124,0.11737451737451737,0.08333333333333333,-0.0033030749489092737
cusl9z6,1,2,56,65313,23019,1,3173702,33149,0,0,0.09562021842515837,-0.11979176940121342,0.01989398599568091,0.17499999999999996,-0.0155624568668047
cus065t,1,0,61,5154,5154,0,3233861,441,0,0,0.08907849948099995,0.00410366448233363,0.0,0.38750000000000007,0.007511177347242923
cusa6us,1,1,13,29071,23917,1,3209944,3857,0,1,-0.30506936519503397,-0.2201962632479384,0.0,-0.15,-0.10600706713780919
cut2c34,1,2,16,99325,70254,1,3139694,441,0,0,0.03559250088432967,-0.04530445588496359,0.08383894098179813,-0.11250000000000002,0.06386363636363636
cuta4bp,1,3,5,120071,20746,1,3118948,3857,0,0,0.4980434752718923,0.4354114877796603,0.3912483912483912,-0.275,0.09399293286219082
cutrqzf,1,4,33,165544,45473,1,3073475,441,0,0,-0.3928357505011204,-0.1458202388434947,0.03260403260403261,0.13749999999999998,-0.09333333333333334
cusd0jl,1,1,44,41767,36613,1,3197252,0,0,0,0.08056377019367954,0.05090533613600308,0.34678834678834675,-0.16666666666666669,0.010419051980764815
cut2a38,1,2,4,99205,57438,1,3139814,441,0,0,0.035592500884329116,-0.355228120007101,0.0,-0.6124999999999999,-0.12363636363636364
cus27cq,1,0,92,9346,9346,0,3229673,5039,0,0,0.2815393163732987,0.12567164645092832,0.1692901692901693,0.13749999999999998,0.02084164339848424
cusde3e,1,1,35,43688,34342,1,3195331,0,0,0,0.03960414616012527,-0.009357598554412178,0.23474903474903475,-0.04166666666666667,0.01691255847427131
