comment_id,score,depth,length,time_since_submission,time_since_parent,parent_score,age,karma,submission_score,urls,alignment_content,alignment_syntax_3,alignment_syntax_4,alignment_features_binary,alignment_features_frequency
cusmoww,9,0,98,1640,1640,0,3170872,787,0,0,0.07510680970185837,0.02429193779437382,0.06384615384615386,0.22499999999999998,0.0038049117952265593
cuu5reh,0,1,16,130063,128423,9,3042449,4919,0,0,-0.09896576319543511,0.23378360628538677,0.13833333333333334,-0.4,-0.12268188302425106
cusoz2k,6,1,40,5894,4254,9,3166618,31039,0,1,0.00694409552379967,0.16079617684448427,0.14188034188034188,-0.03750000000000002,0.026176683562635764
cusqtp0,1,3,25,9407,914,2,3163105,31039,0,0,0.02204613634012623,0.12244944894551742,0.08853333333333334,0.08749999999999998,-0.04382331643736423
cuspcrj,5,2,25,6589,695,6,3165923,787,0,0,0.1219539567239325,0.0265744811216933,0.0,-0.02500000000000001,-0.03864406779661017
cuspl2f,12,3,47,7017,428,5,3165495,31039,0,0,0.12101270168967027,0.01582206779788052,0.02305555555555556,-0.03750000000000002,0.02511285377540172
cusu01e,1,4,19,15442,8425,12,3157070,787,0,0,0.03293140033295506,0.04927978053555515,0.06148148148148148,-0.275,-0.11864406779661017
cusnzfz,4,0,35,4036,4036,0,3168476,13096,0,0,0.307449098751996,0.020351959094919766,0.03074074074074074,0.0625,0.04063838069287662
cusrh2z,1,0,63,10624,10624,0,3161888,635,0,0,0.0779073534175575,0.14600908500973414,0.1627450980392157,0.125,-0.011904761904761918
custaex,1,0,19,14066,14066,0,3158446,2159,0,0,0.027819548872180442,-0.21601990049751238,0.0,-0.08750000000000001,0.009808612440191378
cusn41c,1,0,250,2424,2424,0,3170088,16718,0,1,-0.018526667172445183,0.010208612371689452,0.043947051744885675,0.4,0.021323420074349425
cusnezg,-5,1,23,2985,561,1,3169527,14867,0,0,0.004880212954747094,-0.1369317967126393,0.0,0.15,-0.024529964747356053
cusnl2a,9,2,8,3298,313,-5,3169214,16718,0,0,-0.09403687125407777,0.08417779523435456,0.10060606060606062,-0.475,-0.12267657992565056
cuso44f,-6,3,18,4276,978,9,3168236,14867,0,0,-0.10090702947845809,0.04031530113147343,0.06509803921568628,0.024999999999999994,-0.05593093093093093
cusovoa,7,4,49,5725,1449,-6,3166787,52,0,0,-0.000539658410811293,0.07230603738066428,0.09034013605442177,0.06249999999999997,-0.01957436671166521
cv6itdp,1,1,7,1066485,1064061,1,2106027,190,0,0,-0.12279014949444829,0.2744758351101635,0.18444444444444447,0.012499999999999997,0.04711246200607902
