comment_id,score,depth,length,time_since_submission,time_since_parent,parent_score,age,karma,submission_score,urls,alignment_content,alignment_syntax_3,alignment_syntax_4,alignment_features_binary,alignment_features_frequency
cut68vw,14,0,20,2458,2458,4,3130532,3758,4,0,0.0447415329768271,-0.011867088607594936,0.0,0.04999999999999999,
cuva5ml,1,1,14,174279,171821,14,2958711,38407,4,0,0.09948979591836733,-0.004597701149425287,0.0,0.175,
cut7rvd,16,0,17,6518,6518,4,3126472,10729,4,0,0.08556149732620322,-0.0160427807486631,0.0,0.17500000000000002,
cuttdna,3,1,11,64186,57668,16,3068804,4538,4,0,0.012070916635231984,-0.004032258064516128,0.0,-0.32499999999999996,
cut5go9,10,0,5,521,521,4,3132469,65,4,0,-0.044585987261146494,-0.006024096385542169,0.0,-0.7,
cuuofzg,3,0,35,137865,137865,4,2995125,569,4,0,0.02142857142857143,-0.0024115755627009644,0.0,0.07499999999999998,
cuvavd5,3,0,252,175937,175937,4,2957053,38407,4,0,0.0796485260770975,-0.004597701149425286,0.0,0.175,
cut5jh7,2,0,22,712,712,4,3132278,18457,4,0,0.13303769401330376,-0.017964071856287428,0.0,0.15,
cutojza,2,0,106,53054,53054,4,3079936,18460,4,0,0.04113859570479645,-0.006535947712418302,0.0,0.09999999999999998,
cuucacx,1,1,8,115650,62596,2,3017340,10573,4,0,0.06944444444444445,0.0,0.0,0.2,
cuujz4o,1,0,86,131049,131049,4,3001945,24776,4,0,0.06670746634026928,-0.007920792079207921,0.0,0.19999999999999996,
cutr3tk,1,0,22,58276,58276,4,3074718,1981,4,0,-0.0015697014227506517,-0.005832793259883344,0.0,0.0,
cutxw3c,1,0,4,74072,74072,4,3058922,670,4,0,0.17995169082125603,-0.004415011037527594,0.0,-0.575,
cuthe8h,-1,0,30,39671,39671,4,3093323,9558,4,0,0.02835249042145594,-0.0036231884057971015,0.0,0.3,
cuu4q51,4,1,17,87918,48247,-1,3045080,4077,4,0,0.07509386733416772,-0.021276595744680847,0.0,0.55,
cuu5512,-1,2,38,88948,1030,4,3044050,9558,4,0,0.06694898164952612,0.020186335403726705,0.0,0.3,
cuu56bm,2,3,8,89040,92,-1,3043958,4077,4,0,-0.0425531914893617,-0.021276595744680847,0.0,0.04999999999999999,
cuu5b3v,-2,4,90,89376,336,2,3043622,9558,4,0,0.0061302681992337175,-0.003623188405797102,0.0,0.3,
cuu5eeh,1,5,5,89685,309,-2,3043313,4077,4,0,0.15744680851063828,-0.02127659574468085,0.0,0.04999999999999999,
cuudp4r,0,0,64,119746,119746,4,3013252,31451,4,0,-0.03302364864864865,0.009615384615384616,0.0,0.475,
