comment_id,score,depth,length,time_since_submission,time_since_parent,parent_score,age,karma,submission_score,urls,alignment_content,alignment_syntax_3,alignment_syntax_4,alignment_features_binary,alignment_features_frequency
cuui8uk,12,0,53,2560,2560,1,3004273,13638,1,1,0.21770833333333334,0.004981589776911428,0.03701298701298701,0.1875,0.06758549528301888
cuv1hp1,1,1,69,33105,30545,12,2973728,130156,1,0,0.04506280193236714,0.04996321482541953,0.06559263521288837,0.3125,0.031884057971014484
cuv3as5,2,1,38,36194,33634,12,2970639,88725,1,0,0.15501807955002014,-0.048487257789583356,0.02727272727272727,0.475,-0.005022097227802336
cuvlb9v,-1,2,47,83513,47319,2,2923320,77374,1,0,-0.03802764404410622,0.10354708525440233,0.07537190082644628,0.2125,0.01754930889889733
cuvlsrv,1,3,47,84348,835,-1,2922485,88725,1,0,0.1597661198635699,-0.04352308615874508,0.0,0.35,0.04369010881923013
cuuz719,2,0,3,29100,29100,1,2977733,1112,1,0,0.12444444444444452,-0.12405609492988133,0.0,-0.27499999999999997,-0.1509433962264151
cuv0vln,1,0,31,32033,32033,1,2974804,2848,1,0,0.3656753833428772,0.05975897096404495,0.0,-0.2875,0.03702996755105936
cuuihlf,-1,0,60,2942,2942,1,3003895,10277,1,0,0.10716261325703388,0.04965741329377695,0.03238636363636364,0.35,0.08841201716738198
cuuhsli,-1,0,26,1805,1805,1,3005032,11618,1,0,0.0795194139194139,0.11063011063011062,0.07147335423197491,0.11249999999999998,0.015384615384615385
cuuuo97,1,1,30,21588,19783,-1,2985249,23034,1,0,-0.08597319498486815,-0.05594784725361617,0.03701298701298701,0.04999999999999999,0.09494163424124515
cuuleey,2,1,24,7516,5711,-1,2999321,31984,1,0,0.13262234533702683,0.2505133755133756,0.19191919191919193,-0.2375,0.0809095106186519
