comment_id,score,depth,length,time_since_submission,time_since_parent,parent_score,age,karma,submission_score,urls,alignment_content,alignment_syntax_3,alignment_syntax_4,alignment_features_binary,alignment_features_frequency
cuvcs5e,11,0,42,2597,2597,0,2950779,21440,0,0,0.10507172289865845,0.04962201977127351,0.0,0.26666666666666666,0.04597701149425286
cuvcpv0,5,0,43,2390,2390,0,2950986,5755,0,1,0.16568037980938394,-0.0018415560271498005,0.0,0.0,0.031426775612822117
cuvi3q2,-1,1,115,23403,21013,5,2929973,64,0,0,0.006685270695788313,0.0037056343372233627,0.01652892561983471,0.23333333333333336,0.03202961837858362
cuvnjio,2,2,60,33925,10522,-1,2919451,5755,0,0,-0.027927927927927903,0.02500051818676088,0.0,0.0,0.04189189189189188
cuwkqjt,0,3,6,97220,63295,2,2856156,64,0,1,0.17283238581747282,-0.05624053644819382,0.0,-0.26666666666666666,-0.1331877729257642
cuwnwmr,1,4,38,110053,12833,0,2843323,5755,0,0,0.1270207645580039,0.06061788589368087,0.02564102564102564,0.0,-0.055476529160739696
cuvl7wy,4,2,133,30102,6699,-1,2923274,97715,0,0,0.04283062043953198,0.02368295508757582,0.027586206896551724,0.4666666666666666,0.03465184700882641
cuwkuyy,0,3,55,97825,67723,4,2855551,64,0,0,-0.004411753690817707,-0.037911130844632684,0.0,0.23333333333333336,-0.042278682016673286
cuwm6ni,2,4,14,104379,6554,0,2848997,97715,0,0,0.04722840735966251,-0.06218905472636815,0.0,0.3,0.19254658385093165
cuvcg9g,8,0,35,1537,1537,0,2951839,87807,0,0,0.019459999286656926,-0.028685706931645363,0.0,0.2833333333333333,0.0010802052389954075
cuvcoez,7,1,73,2256,719,8,2951120,5755,0,0,0.046053290302450284,-0.03476195646754675,0.011363636363636364,0.0,0.0836727138097001
