comment_id,score,depth,length,time_since_submission,time_since_parent,parent_score,age,karma,submission_score,urls,alignment_content,alignment_syntax_3,alignment_syntax_4,alignment_features_binary,alignment_features_frequency
cuw8d2p,12,0,166,1147,1147,12,2886183,15460,12,0,0.10892511880395322,-0.12812525043201298,0.17223696639827268,0.2,0.011317636350571286
cuxepp2,2,1,62,89705,88558,12,2797625,40293,12,0,0.37859597207769685,0.1462424000134737,0.17006591219997513,0.5750000000000001,0.043598790322580655
cuxflev,1,2,1,91176,1471,2,2796154,15460,12,0,-1.3941031231963086,,,-0.7999999999999999,-0.1272365805168986
cuw8xl3,2,0,45,2155,2155,12,2885175,15780,12,0,0.1634169653524494,-0.046612967531334745,0.15872818471997677,0.15000000000000002,-0.006666666666666682
cuwdqg3,2,1,4,10786,8631,2,2876544,37735,12,0,0.5158890168970829,-0.2929141678877319,0.0,-0.44999999999999996,0.13293650793650794
cuw9299,2,0,30,2384,2384,12,2884946,13532,12,0,0.4247912593678724,0.18196145453255186,0.24530719456723682,0.1375,-0.07083333333333333
cuwiydz,1,0,38,23741,23741,12,2863589,116,12,0,0.15781313208125,-0.32764158617461575,0.0,0.0875,-0.03002020590782259
cuxennh,1,0,157,89612,89612,12,2797718,40293,12,0,0.40827522515581127,0.17700229799355138,0.18528728113721046,0.5750000000000001,0.006717754777070067
cuw9gaj,1,0,21,3072,3072,12,2884258,680,12,0,0.506838332390115,0.16023637467188187,0.2514017832521372,0.07499999999999998,-0.053595527279737806
cuw9ied,3,1,15,3177,105,1,2884153,1579,12,0,0.4129539322181592,-0.2244743566320732,0.08260344306855935,-0.1375,-0.048757235274089206
cuzs7ys,0,0,283,280054,280054,12,2607276,6978,12,0,0.11220698385830809,-0.06730593367401506,0.1587281847199768,0.024999999999999994,0.010094156870811388
cuwb84y,-1,0,66,6215,6215,12,2881115,1627,12,0,0.1909399634731701,0.11222319484333994,0.15018807830647155,0.2625,0.06748153806977336
