comment_id,score,depth,length,time_since_submission,time_since_parent,parent_score,age,karma,submission_score,urls,alignment_content,alignment_syntax_3,alignment_syntax_4,alignment_features_binary,alignment_features_frequency
cuwy2o6,16,0,135,704,704,4,2824399,23034,4,0,0.2852114646117851,0.08669196797376282,0.07900047483380816,0.04999999999999999,0.0653120046116155
cuwzkzk,3,1,38,3053,2349,16,2822050,40415,4,0,0.2557699504591622,0.22331010766120057,0.20683760683760685,-0.06250000000000001,0.0488499354896116
cuwzurm,12,2,18,3472,419,3,2821631,23034,4,1,-0.061193764146384826,0.11156454697478219,0.0,-0.07500000000000001,0.06160830090791179
cux082m,1,3,5,4033,561,12,2821070,40415,4,0,-0.40057679876684416,-0.13157912930456367,0.0,-0.9375,-0.10904480135249366
cux7vjv,2,3,27,15833,12361,12,2809270,14676,4,0,0.19855885297061765,0.008290859667006455,0.0,0.2625,-0.02052052052052053
cux2e4k,2,3,19,7334,3862,12,2817769,9492,4,0,0.3333414592525779,-0.004078297366563914,0.0,0.275,0.0634065478657273
cuwybsn,6,0,277,1104,1104,4,2823999,15460,4,0,0.11567186391103372,0.04513613111733497,0.033253634539808175,0.2,-0.0044928982064292855
cuwyp5n,5,0,9,1668,1668,4,2823435,10277,4,0,-0.23490139975875918,-0.051760525075243834,0.0,0.09999999999999999,-0.00047687172150692736
cux51ai,3,1,17,11362,9694,5,2813741,88725,4,0,0.4598774399746427,0.16791542731878328,0.0,0.22500000000000003,-0.025145936237090258
cuwy3ir,3,0,94,742,742,4,2824361,133804,4,0,0.2186230280687535,0.049270784072637866,0.010446343779677115,0.2625,0.06419557398036944
cuwygh1,3,0,56,1303,1303,4,2823800,7284,4,0,0.20784313725490192,-0.013555759095481904,0.016159188034188036,0.09999999999999999,-0.07976190476190476
cux35yi,1,0,145,8503,8503,4,2816600,32829,4,0,0.2140090826222993,0.04307701593433125,0.05853894533139817,0.3,-0.0013681418400111611
cux5vap,1,0,62,12636,12636,4,2812467,6911,4,0,-0.057537220843672444,-0.01680057743081275,0.01520864756158874,0.4,0.04911083540115797
cuxay2y,1,0,38,21209,21209,4,2803894,13903,4,0,0.08019807813855827,0.07826887820372036,0.025854700854700857,-0.175,0.0509925332362047
cuxckr5,1,0,31,24231,24231,4,2800872,18447,4,0,-0.046508313895493154,-0.08297261875243522,0.0,0.03749999999999999,-0.029708019890348075
cuxyx2b,1,0,17,78759,78759,4,2746348,20727,4,0,-0.11580218154612618,0.25630933270966444,0.06894586894586895,0.175,0.1050729874259286
