comment_id,score,depth,length,time_since_submission,time_since_parent,parent_score,age,karma,submission_score,urls,alignment_content,alignment_syntax_3,alignment_syntax_4,alignment_features_binary,alignment_features_frequency
cuxavua,4,0,13,703,703,2,2803899,14676,2,0,-0.005405405405405401,-0.044444444444444446,0.0,-0.020000000000000018,-0.017671517671517672
cuxvxo1,1,1,63,53248,52545,4,2751354,968,2,0,0.07441688982031278,0.04899358548993585,0.03076923076923077,0.19999999999999998,-0.00015523731905150995
cuxgre1,1,1,5,10976,10273,4,2793626,18457,2,0,-0.13475609756097562,-0.02395209580838323,0.0,-0.34,0.10853658536585367
cuxgxaj,1,2,15,11265,289,1,2793337,14676,2,0,-0.10540540540540541,-0.044444444444444446,0.0,0.38,0.10540540540540541
cuxh2p5,1,3,7,11530,265,1,2793072,18457,2,0,-0.13475609756097562,-0.023952095808383235,0.0,-0.5399999999999999,-0.09146341463414634
cuxjwn7,2,1,73,16494,15791,4,2788108,24643,2,0,0.03813003867077406,-2.530620508148697e-05,0.0,0.16,-0.03634397325817659
cuxycs9,2,3,6,57470,25875,0,2747132,24643,2,0,0.29338118022328546,-0.01126126126126126,0.0,-0.039999999999999994,0.02073365231259966
cuxrm83,5,2,25,41289,24795,2,2763313,14676,2,0,0.1025945945945946,-0.044444444444444446,0.0,0.18,-0.014594594594594598
cuxz44w,1,3,101,58674,17385,5,2745928,24643,2,0,-0.011239281822919136,0.023221497359428394,0.008695652173913044,0.36,0.03228480742811121
cuyze31,1,0,230,141997,141997,2,2662605,4094,2,0,0.047570631026899,0.004533880690085221,0.007380073800738007,0.36,0.04963627135848418
cuzmmld,1,1,58,185134,43137,1,2619468,357,2,0,-0.01753781004234725,0.012694439477918824,0.0,0.45999999999999996,0.08058076225045371
cuzr8hd,1,2,60,195267,10133,1,2609335,4094,2,0,0.07865758754863812,-0.005576413427561839,0.0,0.16,0.06050583657587548
