comment_id,score,depth,length,time_since_submission,time_since_parent,parent_score,age,karma,submission_score,urls,alignment_content,alignment_syntax_3,alignment_syntax_4,alignment_features_binary,alignment_features_frequency
cuygken,5,0,11,5199,5199,2,2717328,88725,2,0,0.05837449483610238,-0.046511627906976744,0.0,-0.033333333333333326,0.006939625260235949
cuzixvs,1,1,8,96325,91126,5,2626202,787,2,1,0.010662457073224763,-0.02590673575129534,0.0,-0.30000000000000004,0.0063559322033898275
cuzh9lm,1,1,2,93098,87899,5,2629429,59170,2,0,-0.1347036956046359,,,-0.25,-0.14312267657992564
cuyrenw,2,0,20,29924,29924,2,2692603,21440,2,0,0.15618661257606492,-0.012121212121212121,0.0,0.09999999999999998,0.07931034482758621
cuye9zk,2,0,387,950,950,2,2721577,1639,2,0,0.0009493930357705359,-0.010945190969698227,0.0022522522522522522,0.1333333333333333,-0.020329477742726948
cuyy46p,1,0,133,57131,57131,2,2665400,275,2,0,-0.03753274589187902,-0.016490049108296715,0.0,0.033333333333333326,-0.021483779378516227
cuydwtp,1,0,74,302,302,2,2722229,13638,2,1,0.20316226152623212,0.008831908831908828,0.0,0.2833333333333334,0.014041385135135143
cuye565,2,1,41,713,411,1,2721818,233,2,0,-0.08588302025291114,-0.010087955483755162,0.0,0.033333333333333305,-0.009773550329420996
cuyf1lz,0,2,54,2335,1622,2,2720196,1639,2,0,0.01209597052981724,-0.005231993483505123,0.0,0.1333333333333333,-0.0018109592242084305
cuz3tl8,1,0,24,69117,69117,2,2653414,271633,2,0,0.018163054695562435,-0.06598984771573603,0.0,-0.016666666666666646,-0.04780701754385965
cuyevk6,0,0,40,2029,2029,2,2720502,24,2,0,0.08847539015606243,0.0,0.0,-0.041666666666666664,-0.01564625850340136
cuyeys0,1,1,12,2191,162,0,2720344,1639,2,0,0.14390424939691965,-0.022181146025878,0.0,-0.20000000000000004,-0.13144058885383805
cuyf3mr,1,2,14,2436,245,1,2720099,24,2,0,0.07923169267707082,0.0,0.0,-0.20833333333333334,0.09863945578231291
