comment_id,score,depth,length,time_since_submission,time_since_parent,parent_score,age,karma,submission_score,urls,alignment_content,alignment_syntax_3,alignment_syntax_4,alignment_features_binary,alignment_features_frequency
cuyge2f,8,0,34,1313,1313,3,2717530,33822,3,0,0.17444477791116433,0.36662010903497017,0.23676164852635442,0.062499999999999986,0.017807122849139656
cuygcf9,8,0,28,1226,1226,3,2717617,1621,3,0,-0.070354882459313,0.04285221391604381,0.11327820252769544,0.14999999999999997,0.005877034358047012
cuyj5hk,5,0,28,6797,6797,3,2712050,4898,3,0,0.27339138134592655,0.15815774958632092,0.12166918049270992,0.13749999999999998,0.11097992916174733
cuyka96,1,1,12,9155,2358,5,2709692,8712,3,0,-0.29641544117647034,0.017001373377212317,0.0842325095718761,-0.38749999999999996,0.04534313725490195
cuykfao,3,2,6,9450,295,1,2709397,4898,3,0,-0.7980371900826446,-0.3109542195256483,0.0,-0.6124999999999999,0.06336088154269971
cuyl02y,2,3,132,10657,1207,3,2708190,8712,3,0,0.07290274064171116,0.02259343658516953,0.08760180995475113,0.23750000000000002,0.0074643493761140794
cuyqng8,4,0,137,23996,23996,3,2694851,13581,3,0,0.14140163364615932,-0.00814357931296121,0.027722091757832638,0.12499999999999999,0.010751940678947983
cuyu5mp,3,0,172,37216,37216,3,2681631,3411,3,0,0.08800342676728784,0.09057467350538115,0.04469480099732201,0.275,-0.006314492530417368
cuzcxdu,1,1,9,81473,44257,3,2637374,12362,3,0,0.38232600732600724,0.09194594594594589,0.0,0.09999999999999998,-0.12637362637362637
cuze7fl,1,2,185,83812,2339,1,2635035,3411,3,0,0.16384016466797907,0.03980104200586122,0.0660315150412697,0.275,0.030391981385358882
cuyjzra,1,0,32,8536,8536,3,2710311,8712,3,0,-0.12063419117647065,-0.018182024306185398,0.07064662093125092,0.11250000000000002,-0.058823529411764705
cuytg63,1,0,96,33955,33955,3,2684892,21440,3,0,0.2388200431034483,0.09428668034172621,0.08111278699513995,0.2875,-0.00610632183908047
cuyqub5,0,0,26,24574,24574,3,2694273,5945,3,0,0.2744984229893113,0.02615636352588333,0.08760180995475114,0.425,-0.06430699141405291
cuzez1x,0,0,76,85243,85243,3,2633604,6911,3,0,0.23627277327935223,-0.07275834658187602,0.052143934496875675,0.4,-0.02007422402159245
