comment_id,score,depth,length,time_since_submission,time_since_parent,parent_score,age,karma,submission_score,urls,alignment_content,alignment_syntax_3,alignment_syntax_4,alignment_features_binary,alignment_features_frequency
cuyk4yp,7,0,33,3154,3154,1,2709982,88725,1,0,0.03400416377515616,-0.03438212494300046,0.0,0.4714285714285714,0.006939625260235949
cuyj9pf,7,0,38,1344,1344,1,2711792,10886,1,0,0.06396198830409358,0.019619450317124722,0.026098901098901096,0.0857142857142857,-0.05021929824561405
cuz0db7,4,0,38,53222,53222,1,2659914,4094,1,0,0.049337838760324944,0.030369418567298422,0.026098901098901096,0.2,-0.0631783739504403
cuyj501,5,0,88,1081,1081,1,2712055,12901,1,0,0.039545616767244184,-0.011101110111011095,0.0,0.49999999999999994,0.010682304847187074
cuyppuc,-5,1,14,15698,14617,5,2697438,290,1,0,0.27564102564102566,0.022892444978334554,0.0,0.12857142857142856,0.027472527472527458
cuyospz,3,0,99,13379,13379,1,2699757,21440,1,0,0.03799489144316731,-0.02448958574701989,0.00960242587601078,0.2857142857142857,0.051027516544757914
cuypa8d,2,0,35,14589,14589,1,2698547,13581,1,0,-0.053703703703703726,-0.02170926907769013,0.0,-0.07142857142857144,0.022222222222222213
cuyizl4,4,0,73,771,771,1,2712365,27996,1,0,0.08573345398945299,0.045030699148346204,0.02750965250965251,0.17142857142857146,0.007145754672824273
cuyknlm,2,0,23,4243,4243,1,2708893,47477,1,0,0.11368634748773472,0.00427274143964186,0.0,0.18571428571428575,-0.029774995770597196
cuyq198,0,0,279,16539,16539,1,2696597,125017,1,0,0.11907108721624853,-0.004046366856284211,0.0,0.4714285714285715,0.026702508960573468
cuyzclh,-2,1,49,50939,34400,0,2662201,550,1,0,-0.06276150627615064,-0.02236201298701299,0.0,0.3714285714285714,0.025702331141661677
cuz2lyr,2,2,6,57630,6691,-2,2655510,125017,1,0,0.22361111111111107,-0.03486100676183321,0.0,-0.09999999999999996,0.04999999999999999
cuzk585,1,3,103,89410,31780,2,2623730,550,1,0,-0.08217898200430596,-0.002846074380165289,0.0,0.3714285714285714,0.018767518381606202
