comment_id,score,depth,length,time_since_submission,time_since_parent,parent_score,age,karma,submission_score,urls,alignment_content,alignment_syntax_3,alignment_syntax_4,alignment_features_binary,alignment_features_frequency
cuz4z7c,15,0,11,1796,1796,0,2651171,1866,0,0,0.253298969072165,-0.006300422589320011,0.0,-0.12499999999999997,-0.03909090909090909
cuz5w2x,10,0,42,3422,3422,0,2649545,47477,0,0,0.1476727238691216,-0.0581726940250878,0.0,0.23750000000000004,0.07374467296646284
cuz41p3,17,0,31,151,151,0,2652816,23317,0,1,-0.025321762213335916,-0.11335488340617603,0.0,-0.012499999999999983,-0.07134133199224083
cuz4cou,8,0,18,700,700,0,2652267,1375,0,0,0.07340649595388535,-0.14719737299453015,0.0,0.175,0.008602150537634412
cuz5lm5,9,0,34,2901,2901,0,2650066,15460,0,0,0.7406211608457204,0.5222106360792496,0.4275009366804046,-0.17500000000000004,-0.03900128639925153
cuz45ts,3,0,29,357,357,0,2652610,8032,0,0,0.13505526049100403,0.14035246599409548,0.06921443736730362,0.1875,-0.00955812072641718
cuzaa1x,7,0,50,10992,10992,0,2641975,33822,0,0,0.13619047619047617,-0.11807119364714613,0.0,0.1875,-0.029251700680272108
cuzayk7,-2,1,10,12212,1220,7,2640755,3661,0,0,0.004493289243337954,-0.19435355315043215,0.0,-0.425,0.07578616352201259
cuz8zcw,3,0,60,8719,8719,0,2644248,56361,0,0,0.49439319949357924,0.09527781915685987,0.19560601864672758,0.6375,0.0675438596491228
cuzzhf3,2,0,8,74981,74981,0,2577986,1981,0,0,-0.09419620200428726,-0.055179738021013225,0.0,-0.825,-0.13592946362968406
cv02eup,2,0,19,81489,81489,0,2571478,20727,0,0,0.25632414834802253,0.2599015575663878,0.057678697806086345,-0.07500000000000001,0.02767360662097504
