comment_id,score,depth,length,time_since_submission,time_since_parent,parent_score,age,karma,submission_score,urls,alignment_content,alignment_syntax_3,alignment_syntax_4,alignment_features_binary,alignment_features_frequency
cuzmxjr,10,0,120,5370,5370,5,2618253,6195,5,0,0.06805179903286616,0.0413596148278333,0.023076923076923078,0.0,-0.0015060240963855331
cuzn5c2,1,1,22,5802,432,10,2617821,1407,5,0,0.041446834415584416,-0.03199868723334428,0.0,-0.042857142857142864,0.04509943181818182
cuznj3r,1,2,93,6564,762,1,2617059,6195,5,0,0.022084057097382283,-0.020121713829067873,0.0,0.0,-0.07274258323617047
cuzwvz9,1,3,19,36582,30018,1,2587041,23034,5,0,-0.04869371873262922,0.07598444041447286,0.05555555555555555,-0.2285714285714286,0.000204792135981971
cuzsbfv,2,3,21,17854,11290,1,2605769,1407,5,0,-0.0701796343537415,-0.03936969460435164,0.0,0.09999999999999999,0.006138392857142849
cuzuo2m,1,4,56,26178,8324,2,2597445,6195,5,0,0.04058581263830835,-0.03117822488557896,0.0,0.0,-0.0015060240963855331
cuzoxij,7,0,12,9465,9465,5,2614158,128035,5,0,0.13418079096045196,-0.02489891466269419,0.0,0.0142857142857143,0.015536723163841804
cuzq08o,3,0,25,11885,11885,5,2611738,15034,5,0,0.011801242236024847,0.0449258782592116,0.0,0.2857142857142857,0.042608695652173914
cv012wf,2,0,18,49527,49527,5,2574096,31039,5,0,0.2762002459685298,-0.04389120982180919,0.0,-0.18571428571428575,-0.06826776088180868
cv035to,2,0,36,53610,53610,5,2570013,6312,5,0,0.10404761904761903,0.00997122888314598,0.0,0.4428571428571429,-0.06555555555555556
cuzmrp4,1,0,17,5051,5051,5,2618572,47477,5,0,0.3845600497008142,0.03211275791920953,0.0,-0.17142857142857143,-0.05790798809796292
cuzn4jk,1,0,27,5757,5757,5,2617866,47433,5,0,0.19416350611040875,0.08020889415311726,0.0,0.24285714285714288,0.0596525729269092
cuzn6ci,1,1,34,5860,103,1,2617763,1407,5,0,0.230140493697479,0.03720688197222491,0.0,0.09999999999999999,-0.01907169117647059
cuznm96,2,2,34,6741,881,1,2616882,47433,5,0,-0.13846954711087975,0.028857542801765914,0.0,0.3857142857142856,0.05856324830817283
cuzvum8,4,2,114,31594,25734,1,2592029,10129,5,0,0.11758893280632407,0.032112757919209534,0.016,0.5,-0.007627765064836006
cv04ho7,1,3,50,55980,24386,4,2567643,6139,5,0,0.009047619047619039,0.024528301886792444,0.0,0.6285714285714287,-0.020000000000000004
