comment_id,score,depth,length,time_since_submission,time_since_parent,parent_score,age,karma,submission_score,urls,alignment_content,alignment_syntax_3,alignment_syntax_4,alignment_features_binary,alignment_features_frequency
cuzwu35,8,0,29,23560,23560,7,2587274,23034,7,0,0.015997022199330847,-0.034573132111734815,0.0,-0.2,0.032872668724003754
cv08rle,1,1,23,49702,26142,8,2561132,20436,7,0,0.20473558287270027,0.09961660497091485,0.043478260869565216,0.1375,0.030434782608695643
cv0e4np,4,2,51,57602,7900,1,2553236,23034,7,0,0.09756913936655369,0.01716149965941557,0.03846153846153846,-0.07500000000000001,0.012588693064774545
cv0ebwh,1,3,9,57885,283,4,2552953,20436,7,0,0.12245414294750158,-0.02538339502908514,0.0,-0.11249999999999999,0.0111111111111111
cv092gw,6,0,57,50146,50146,7,2560692,4311,7,0,0.2561729112883843,0.03195713924121834,0.0,0.22500000000000003,-0.01802451333813987
cv0dopk,0,1,122,56936,6790,6,2553902,20436,7,0,-0.04817867919245963,-0.0004986024023570267,0.01438848920863309,0.38749999999999996,0.014754098360655735
cv0r1wu,2,2,88,79921,22985,0,2530917,4311,7,0,0.014803358373840038,0.05370531822144724,0.05769230769230769,0.35,-0.021014943960149426
cv0sufw,1,3,26,83248,3327,2,2527590,20436,7,0,-0.13230185374397896,-0.04874268312697168,0.0,0.1375,0.09230769230769231
cuzyytr,2,0,10,31487,31487,7,2579351,1322,7,0,-0.12687480551809982,-0.055763178599527945,0.0,-0.19999999999999996,0.013183279742765272
cv037zv,2,0,50,40943,40943,7,2569895,71598,7,0,0.12665012406947884,0.11590378197997775,0.017543859649122806,-0.012499999999999997,0.021868131868131885
cv0c6t8,2,0,11,54758,54758,7,2556080,12611,7,0,0.3512713472485769,-0.10374521596500819,0.0,-0.23749999999999996,-0.11529411764705882
cv076lq,1,0,4,47398,47398,7,2563440,10637,7,1,-0.34395408668117955,-0.10499337163057888,0.0,-0.11250000000000002,0.13957055214723926
cv0coyu,1,0,31,55503,55503,7,2555335,968,7,0,0.01925459675511195,0.1062819190828414,0.07142857142857142,0.2,-0.06262323527092042
cv0diow,1,1,8,56697,1194,1,2554141,20436,7,0,0.004174573055028428,0.14397144368059225,0.0,-0.11249999999999999,0.024999999999999994
