comment_id,score,depth,length,time_since_submission,time_since_parent,parent_score,age,karma,submission_score,urls,alignment_content,alignment_syntax_3,alignment_syntax_4,alignment_features_binary,alignment_features_frequency
cv04x65,5,0,31,14788,14788,11,2566862,5100,11,0,0.04751521887679442,-0.002715634294581657,0.0,-0.05714285714285716,0.01960094928364242
cuzzzy4,5,0,15,5123,5123,11,2576527,133804,11,0,0.36504297994269336,0.01773275484615694,0.0,-0.1857142857142857,0.09398280802292265
cv0bgz9,6,0,7,24580,24580,11,2557070,968,11,0,-0.03312564082340878,-0.08877490629315447,0.0,-0.6428571428571429,-0.1271393643031785
cv03bg8,2,0,69,11967,11967,11,2569683,4049,11,0,0.1958530865199232,0.16235154862892093,0.1101871101871102,-0.05714285714285716,0.003713019523296196
cv04jpz,2,0,15,14153,14153,11,2567497,57428,11,0,0.13965539577665495,0.07978912978912979,0.0,0.17142857142857146,-0.05381526104417671
cv0bgta,3,1,3,24574,10421,2,2557076,968,11,0,0.26794962799379557,-0.08877490629315447,,-0.6428571428571429,-0.1271393643031785
cuzz9wi,1,0,11,3220,3220,11,2578430,14676,11,0,-0.0805857176824919,0.03243243243243242,0.0,-0.0142857142857143,0.08722358722358722
cuzzzxj,5,1,4,5122,1902,1,2576528,96235,11,0,-0.27370478983382207,-0.12210616991493485,0.0,-0.47142857142857136,-0.1038961038961039
cv073zy,1,0,6,18139,18139,11,2563511,31039,11,0,0.22357182344101587,-0.11325773723250061,0.0,-0.6142857142857142,0.04284335022930243
cv0lrbd,1,0,16,41243,41243,11,2540407,14452,11,0,0.10289105295191725,0.11029368718899404,0.09706959706959706,-0.35714285714285715,0.07429245283018868
cv11gdv,0,0,7,83467,83467,11,2498183,60,11,0,-0.026424159231297185,-0.08727664541618028,0.0,-0.31428571428571433,0.029381965552178313
