comment_id,score,depth,length,time_since_submission,time_since_parent,parent_score,age,karma,submission_score,urls,alignment_content,alignment_syntax_3,alignment_syntax_4,alignment_features_binary,alignment_features_frequency
cv0aopt,5,0,17,6216,6216,4,2557939,18457,4,0,0.07508369201339068,-0.18256819693945445,0.0,-0.025000000000000036,-0.09146341463414634
cv0elsd,3,0,37,11943,11943,4,2552212,3218,4,1,0.08460634547591077,0.032905982905982935,0.02490372272143774,-0.1375,0.006253147557495398
cv06soe,3,0,92,477,477,4,2563678,4049,4,3,-0.05641394178943586,-0.0015599063146644716,0.028897715988083418,0.09999999999999998,-0.02889567612887771
cv0cg98,2,0,36,8808,8808,4,2555347,968,4,0,0.10540613963596845,-0.018987113634315586,0.0,0.07499999999999998,-0.04380603096984516
cv1812y,2,0,103,79895,79895,4,2484260,1944,4,0,-0.0004371033497246962,-0.037806303055297835,0.016876903001304913,0.2875,-0.06710377001639137
cv18d3q,3,1,13,80434,539,2,2483721,1322,4,0,-0.06134058867177844,-0.11619241192411926,0.0,-0.07499999999999998,-0.009893643334157806
cv194ct,2,2,39,81649,1215,3,2482506,1944,4,0,0.14527694527694526,0.08444980742040857,0.09724310776942355,0.2875,-0.032500832500832494
cv1akoa,2,3,15,83914,2265,2,2480241,1322,4,0,-0.02715255448374418,-0.03841463414634147,0.0,-0.07499999999999996,-0.020150053590568068
cv08vn9,2,0,13,3529,3529,4,2560626,12098,4,0,-0.022004662004661984,-0.11614814814814815,0.0,-0.12499999999999999,0.019300699300699303
cv099yq,1,1,51,4117,588,2,2560038,1322,4,0,0.10356639976462183,0.0782520325203252,0.03712918660287081,0.30000000000000004,0.011222495429039775
cv09ih4,1,2,87,4482,365,1,2559673,12098,4,0,0.022793451758969005,0.1058583243437612,0.12012383900928793,0.5000000000000001,-0.07707419017763846
cv0eqp7,2,1,14,12147,8618,2,2552008,3218,4,1,0.03312629399585922,0.1884615384615386,0.07854251012145749,-0.5125,-0.05745341614906832
cv070mu,1,0,28,812,812,4,2563343,133804,4,1,-0.10192386410151454,0.09167621229476894,0.07041742286751361,-0.1125,0.0011256651657797767
cv0f4xn,1,0,255,12734,12734,4,2551421,145,4,0,0.010059526872866403,-0.041092196066261744,0.014035087719298244,0.0625,-0.03192836189593948
cv0n1nx,1,0,148,26481,26481,4,2537674,21136,4,0,0.13502914679385267,0.004094813011428951,0.03231179213857428,0.22499999999999998,0.06848613319201556
cv0svex,1,0,25,36949,36949,4,2527206,589,4,0,0.20022255943348508,-0.0377104377104377,0.0378167641325536,0.024999999999999994,-0.0013960546282245911
