comment_id,score,depth,length,time_since_submission,time_since_parent,parent_score,age,karma,submission_score,urls,alignment_content,alignment_syntax_3,alignment_syntax_4,alignment_features_binary,alignment_features_frequency
cv0f4ut,11,0,29,920,920,2,2551404,1613,2,1,0.11412723672293547,0.09543972513094419,0.035101010101010105,0.1625,0.12533835471342827
cv0jqss,4,0,50,8492,8492,2,2543832,10369,2,0,0.19344159245678375,-0.11143644352737832,0.0,-1.3877787807814457e-17,-0.006506024096385538
cv10qd5,1,1,262,51938,43446,4,2500386,2362,2,0,0.05574591480735279,-0.01106874500665409,0.014574813882772361,0.03749999999999999,-0.0022757409597534417
cv0lxmo,2,1,24,12581,4089,4,2539743,24776,2,0,0.09458428680396644,-0.04447086359667866,0.0,0.13749999999999998,-0.050438596491228074
cv17ju5,1,2,26,67313,54732,2,2485015,1217,2,0,0.14907953196873255,-0.03001665509962434,0.0,0.5625,-0.07150913602526505
cv0m89w,2,0,205,13149,13149,2,2539179,14452,2,0,0.05301426599171648,0.019128412372135684,0.02835081585081585,0.23750000000000004,-0.02540266912103084
cv0wox0,1,0,73,34815,34815,2,2517513,2347,2,0,-0.08317574744298996,-0.08170761284486407,0.0,0.062499999999999986,-0.06583631210082666
cv17kv8,1,0,62,67356,67356,2,2484972,20727,2,0,0.053978241916530875,0.1437398953720351,0.08226799242424243,0.3,-0.017317904414678606
cv0etr1,-1,0,54,457,457,2,2551871,88,2,0,0.1204228803472659,-0.014413352783440159,0.0,0.6375,0.024154589371980673
cv0fjjd,2,1,92,1547,1090,-1,2550781,24776,2,0,0.12987099127781643,-0.016453352652338403,0.021273339455157636,0.26249999999999996,0.007532418001525543
cv0htcq,1,2,111,5224,3677,2,2547104,444,2,0,0.041142449986927516,0.05682291125710928,0.027233542319749216,0.16249999999999998,-0.0022357320645829404
cv0ltg0,1,3,88,12359,7135,1,2539969,24776,2,0,0.1999861313362457,0.066369688344029,0.056614532420984034,0.26249999999999996,-0.031499202551834124
cv0uy44,1,4,105,29733,17374,1,2522595,444,2,2,0.05152799080725093,-0.021003508032724626,0.009841404701217785,0.16249999999999998,-0.04264757247642334
