comment_id,score,depth,length,time_since_submission,time_since_parent,parent_score,age,karma,submission_score,urls,alignment_content,alignment_syntax_3,alignment_syntax_4,alignment_features_binary,alignment_features_frequency
cv0n3dy,13,0,21,1945,1945,0,2537509,7216,0,0,0.11019283746556471,0.0722970839035688,0.0,0.11666666666666664,-0.017316017316017326
cv0nnwd,-5,1,11,2943,998,13,2536511,13683,0,0,0.014233241505968788,-0.08643221717426662,0.0,-0.16666666666666666,-0.09523809523809523
cv185f6,2,2,23,55467,52524,-5,2483987,56544,0,0,0.0012481797378822565,-0.027614830151062027,0.0,0.016666666666666663,0.04772801569140242
cv19yn3,1,3,18,58345,2878,2,2481109,13683,0,0,0.06565656565656568,-0.03325761399966347,0.0,-1.850371707708594e-17,-0.09523809523809523
cv1afil,1,4,78,59068,723,1,2480386,56544,0,0,0.008342534658324144,-0.014106870380278608,0.0,0.18333333333333335,0.019857335646809332
cv1baqx,1,5,69,60424,1356,1,2479030,13683,0,1,0.022617479139218293,-0.0024723174248932217,0.01353846153846154,0.3333333333333333,0.04968944099378883
cv1bcgd,1,6,24,60497,73,1,2478957,56544,0,0,-0.0610047846889952,-0.03131393298059965,0.0,0.016666666666666663,-0.041040100250626564
cv0uiy2,5,2,0,15876,12933,-5,2523578,6719,0,1,,,,-0.7833333333333333,-0.11374407582938388
cv1a0p3,1,3,54,58430,42554,5,2481024,13683,0,0,0.018518518518518524,-0.03734796809001755,0.0,0.3333333333333333,0.015873015873015872
cv0nms4,6,0,51,2887,2887,0,2536567,133804,0,0,0.044190429492974574,0.11478366592311251,0.0,0.21666666666666665,0.031237709983706965
cv0qfr1,3,0,19,7853,7853,0,2531601,33822,0,0,0.15948963317384368,0.18577936224995048,0.0967032967032967,-0.11666666666666668,-0.023988542785535277
cv0shnr,3,0,11,11633,11633,0,2527821,47477,0,0,0.16387432871338073,0.1212152244410309,0.0,0.03333333333333335,-0.025822426600636716
cv0n38u,4,0,92,1938,1938,0,2537516,18457,0,0,0.057697869468813286,-0.05012779159897768,0.009401709401709403,0.31666666666666665,0.006362672322375404
cv17aq6,1,0,12,54101,54101,0,2485353,20727,0,0,-0.07557143920780285,-0.0608237887661824,0.0,-0.39999999999999997,-0.13022113022113022
