comment_id,score,depth,length,time_since_submission,time_since_parent,parent_score,age,karma,submission_score,urls,alignment_content,alignment_syntax_3,alignment_syntax_4,alignment_features_binary,alignment_features_frequency
cv0wrob,9,0,21,10021,10021,0,2517185,31039,0,0,-0.2659857818191299,-0.0875030332443582,0.0,-0.03750000000000002,-0.028585221199268998
cv0swug,24,0,3,159,159,0,2527047,130156,0,0,0.7114881583598446,-0.09448818897637795,0.0,-0.5625,-0.12753623188405797
cv0t2zv,12,1,5,478,319,24,2526728,1361,0,0,0.23841463414634143,-0.07010710808179163,0.0,-0.4625,-0.10625
cv1850i,3,2,10,43213,42735,12,2483993,11223,0,0,0.11764988585846448,-0.14290755116443196,0.0,-0.48749999999999993,-0.1354679802955665
cv196lk,5,0,85,44888,44888,0,2482318,271633,0,0,-0.04826700898587934,0.003625228631907776,0.026975683890577508,0.38749999999999996,0.004643962848297212
cv0t8s0,3,0,72,791,791,0,2526415,2483,0,0,0.18366961078248661,-0.07601477649717263,0.014915966386554621,0.2875,0.005998523440383902
cv0tdbi,-3,1,56,1051,260,3,2526155,-19,0,0,0.03659646241594353,0.07085356503961154,0.08179723502304148,0.21875,0.02502274795268425
cv189wc,1,2,31,43432,42381,-3,2483778,56544,0,0,0.006637364457564073,0.003296703296703298,0.037289915966386554,0.16249999999999998,-0.0504487024011642
cv0tigq,1,2,40,1350,299,-3,2525860,2483,0,0,0.0869216433028118,-0.03200762086211003,0.0,0.2875,0.042109634551494995
cv0zrx9,5,0,18,22746,22746,0,2504464,12751,0,0,-0.15573704711990174,0.0004573713007978504,0.0,-0.32499999999999996,-0.0674512781574285
cv0tyxu,8,0,12,2335,2335,0,2524875,47477,0,0,0.3877447723893582,-0.13895781637717128,0.0,-0.1375,-0.0333981841763943
cv0tuhr,-9,0,77,2063,2063,0,2525147,-19,0,0,0.020441885285756634,-0.0665090723230258,0.015275387263339069,0.21875,-0.03991231698238068
cv0uky3,9,1,32,3776,1713,-9,2523434,12338,0,0,-0.018114366236387045,-0.03572103572103572,0.0,0.325,0.05068651925820257
cv0upfj,-8,2,18,4081,305,9,2523129,-19,0,0,-0.1279408972433673,-0.07969588550983898,0.0,-0.03125,-0.006723283793347495
cv0w71y,7,3,3,8210,4129,-8,2519000,18457,0,0,0.24945468966884782,-0.14094887148779364,0.0,-0.39999999999999997,-0.09146341463414634
cv0urhc,11,3,13,4216,135,-8,2522994,12338,0,0,-0.25333950694933266,-0.11056511056511058,0.0,-0.04999999999999999,-0.10556348074179743
