comment_id,score,depth,length,time_since_submission,time_since_parent,parent_score,age,karma,submission_score,urls,alignment_content,alignment_syntax_3,alignment_syntax_4,alignment_features_binary,alignment_features_frequency
cv1l8h7,14,0,81,8791,8791,6,2463454,7683,6,0,0.28102596257358153,0.09262798444745948,0.02234432234432234,0.014285714285714282,0.04118280308756499
cv1r8bt,6,1,45,18856,10065,14,2453389,4898,6,0,0.24384871441689632,-0.039059960267292776,0.0,0.21428571428571427,0.030027548209366386
cv228zx,4,2,102,38175,19319,6,2434070,57428,6,0,0.18675230333097104,-0.0063573103396112355,0.0,0.4428571428571428,-0.022442712024568864
cv1flqc,8,0,23,215,215,6,2472030,133804,6,0,0.407035629749595,0.02384590822005291,0.0,-0.014285714285714282,0.15485237324031392
cv1g31d,5,0,10,947,947,6,2471298,1862,6,0,0.39872294372294365,0.11356932153392323,0.12708333333333333,0.014285714285714282,0.0787878787878788
cv22usq,3,1,9,39891,38944,5,2432354,57428,6,0,-0.07149933065595716,-0.11722260040844115,0.0,0.15714285714285717,0.10174029451137884
cv23e95,6,2,8,41570,1679,3,2430675,8230,6,0,0.052642045454545434,-0.120429297684052,0.0,1.586032892321652e-17,-0.10454545454545454
cv1fow4,4,0,76,349,349,6,2471896,23317,6,0,0.05865409975383892,-0.041873457643878814,0.024206349206349204,0.22857142857142856,0.035195170554448485
cv1i1u4,8,1,25,3923,3574,4,2468322,5877,6,0,0.28110052327182594,-0.09189282916115442,0.0,0.028571428571428564,-0.0596309556595979
cv1kunu,5,2,30,8184,4261,8,2464061,7683,6,0,0.3802697897340753,0.08474033535165348,0.0,0.014285714285714282,0.03871366728509586
cv22rtd,1,3,67,39640,31456,5,2432605,57428,6,0,0.21546169753641436,-0.02775721066422969,0.0,0.4428571428571428,-0.01600431577054487
cv22psn,4,1,105,39467,39118,4,2432778,57428,6,0,0.11881812966150314,0.07649271382584716,0.03475783475783476,0.4428571428571428,-0.01572002294893861
cv2ay5u,1,0,70,67843,67843,6,2404402,6911,6,0,0.16195283882783879,0.06768996606560647,0.04066666666666667,0.3428571428571429,0.05924908424908425
cv1n9gh,3,1,5,12063,11640,-11,2460182,4637,6,0,0.1149096385542169,0.3814386203766735,0.0,-0.37142857142857144,0.06506024096385543
