comment_id,score,depth,length,time_since_submission,time_since_parent,parent_score,age,karma,submission_score,urls,alignment_content,alignment_syntax_3,alignment_syntax_4,alignment_features_binary,alignment_features_frequency
cv1s3gh,11,0,313,2671,2671,10,2451839,133804,10,1,0.058494769203184596,0.0400791388100071,0.0375,0.2625,0.03136299971621338
cv23c80,1,1,132,23737,21066,11,2430773,33149,10,0,-0.0389259915496797,-0.050861305133309546,0.0,0.17499999999999996,0.028809837505489683
cv1s597,1,1,47,2756,85,11,2451754,1407,10,0,-0.20739522193690388,-0.0379549687392378,0.024147727272727272,0.26249999999999996,0.033494015957446804
cv1salu,3,2,40,2986,230,1,2451524,133804,10,0,0.10291473174587491,-0.03173426908742182,0.0,0.1375,-0.006017191977077355
cv1t0d1,1,3,212,4133,1147,3,2450377,1407,10,0,0.02124166395575797,0.01304279213293894,0.03380681818181818,0.26249999999999996,0.0283755896226415
cv1tkbi,2,4,110,5041,908,1,2449469,133804,10,0,0.08974858754524798,0.06272804014916925,0.04911402157164869,0.2625,0.03943735347746809
cv25goo,1,5,6,32162,27121,2,2422348,28340,10,0,0.20862068965517247,-0.07710316840955206,0.0,-0.037500000000000006,0.04166666666666666
cv1tot4,1,5,78,5239,198,2,2449271,1407,10,0,-0.039891412466843496,-0.058521334820554036,0.013964950711938663,0.26249999999999996,-0.03415464743589744
cv1rs0e,7,0,143,2131,2131,10,2452379,3406,10,0,-0.030265415869701082,0.015144254063107047,0.02229020979020979,0.25,-0.0022812139316993607
cv23isa,1,0,62,24338,24338,10,2430176,3117,10,0,-0.02733901866271165,0.023449612403100777,0.018110795454545456,0.2,0.026642771804062132
cv2ztib,1,1,95,89891,65553,1,2364627,1407,10,0,0.005061819419237749,0.06076358845108023,0.04779756326148079,0.1375,0.031702302631578944
