comment_id,score,depth,length,time_since_submission,time_since_parent,parent_score,age,karma,submission_score,urls,alignment_content,alignment_syntax_3,alignment_syntax_4,alignment_features_binary,alignment_features_frequency
cv2hgv3,3,0,29,5197,5197,1,2392885,27996,1,0,-0.040285523525253324,-0.0037037037037037017,0.0,0.09999999999999998,0.042573246406409554
cv2eikh,2,0,4,532,532,1,2397550,14676,1,0,-0.05574324324324324,-0.02222222222222222,0.0,-0.76,-0.0945945945945946
cv2evd1,1,0,82,1106,1106,1,2396976,43399,1,1,0.08166376306620209,0.020282016611937414,0.0,0.2,0.011561609122584734
cv2f12n,1,1,38,1363,257,1,2396719,23317,1,0,-0.01893828390575548,-0.00155562707863963,0.0,0.13999999999999999,-0.0042785136560778425
cv2g4el,3,2,12,3100,1737,1,2394982,16975,1,0,-0.09119897959183673,-0.027972027972027972,0.0,-0.4800000000000001,-0.08928571428571429
cv2gpo5,1,3,8,4028,928,3,2394054,23317,1,0,0.11675250556792871,-0.027196652719665274,0.0,-0.26,-0.010857461024498888
cv2nxw1,2,3,41,14961,11861,3,2383121,4096,1,0,0.03849916419724946,-0.030726256983240226,0.0,0.07999999999999999,0.007712179925537577
cv2nkug,1,0,6,14432,14432,1,2383650,12098,1,0,-0.04,-0.023333333333333338,0.0,-0.11999999999999997,0.032121212121212106
cv4bj71,1,0,77,130265,130265,1,2267817,15855,1,0,0.014376513317191275,0.009359726295210166,0.011494252873563218,0.11999999999999997,-0.0452344265903588
cv2ixcx,0,0,35,7427,7427,1,2390655,822,1,0,0.010653753026634375,0.00838476271547138,0.0,-0.12000000000000002,-0.007990314769975804
cv2ribc,0,1,63,20078,12651,0,2378004,1862,1,0,0.07142857142857142,-0.028455284552845527,0.0,0.27999999999999997,-0.041847041847041855
