comment_id,score,depth,length,time_since_submission,time_since_parent,parent_score,age,karma,submission_score,urls,alignment_content,alignment_syntax_3,alignment_syntax_4,alignment_features_binary,alignment_features_frequency
cv2nx46,21,0,187,3436,3436,15,2383093,57428,15,3,0.13757930681351924,0.0722908337264424,0.08541095073362759,0.4625,0.02925069261001223
cv2pd62,14,0,69,5522,5522,15,2381007,23317,15,1,0.10076192708943855,0.0019549771020498045,0.057510040160642574,0.23750000000000002,0.03805558245376198
cv2xkmc,4,0,281,18630,18630,15,2367899,56851,15,1,0.18868122462932466,0.10258386361032704,0.09494582101992877,0.2375,0.011912931075754446
cv30gkz,1,1,52,23657,5027,4,2362872,14452,15,0,-0.10010999923611637,0.12773036252312056,0.05776678141135973,0.23750000000000004,-0.05551523947750363
cv3ohee,1,2,3,82016,58359,1,2304513,56851,15,0,0.12032884902840056,0.24205030849549108,0.0,-0.7625,-0.12331838565022421
cv3029d,2,1,85,22978,4348,4,2363551,6180,15,0,0.021777860455227952,0.061148054727508915,0.0726952754839583,0.12499999999999999,-0.017546074223680902
cv3okv7,1,2,27,82161,59183,2,2304368,56851,15,0,0.2458649114065681,0.08722975958627223,0.038511187607573154,0.11249999999999998,-0.04924431157615014
cv2xsag,1,0,0,19010,19010,15,2367519,6138,15,1,,,,-0.8125000000000001,-0.11937377690802348
cv30sqn,1,0,24,24256,24256,15,2362273,43577,15,0,0.08070175438596486,0.23854144356393253,0.14704271631982474,-0.21250000000000002,0.04254488680718188
cv2tw92,-2,0,15,12268,12268,15,2374264,13651,15,0,0.15138871274571974,0.34684766763848435,0.1658943466172382,0.0,-0.043488238668961565
cv2mcvj,-2,0,13,1114,1114,15,2385418,2500,15,0,0.19378487799540417,0.39470733348284376,0.0,0.2,-0.10038610038610038
cv2ucjb,-6,0,36,13021,13021,15,2373511,144,15,0,-0.019959045879683432,0.008890571405628003,0.03080895008605852,0.175,-0.008745180511742029
