comment_id,score,depth,length,time_since_submission,time_since_parent,parent_score,age,karma,submission_score,urls,alignment_content,alignment_syntax_3,alignment_syntax_4,alignment_features_binary,alignment_features_frequency
cv2vxzm,10,0,109,1352,1352,7,2370753,271633,7,0,0.36624152916298963,0.02784500059024909,0.01749978341852205,0.26249999999999996,0.057315306615161765
cv301qb,8,0,104,8557,8557,7,2363548,133804,7,0,0.20757583242762578,0.13262747283365844,0.03786316776007498,0.2625,0.01898280802292264
cv2vnlf,4,0,19,850,850,7,2371255,6584,7,0,0.05267346084042996,-0.040710978659996774,0.0,1.3877787807814457e-17,-0.01268556005398111
cv37rrs,4,0,128,25493,25493,7,2346612,6978,7,0,0.11766848168009829,-0.01685256602896953,0.014769320757476055,0.024999999999999994,0.028534969591659437
cv3hp41,2,1,88,57206,31713,4,2314899,19162,7,0,0.06493870581339037,-0.044194634594946644,0.032538659793814435,0.1375,-0.006220744025622088
cv3mzfb,2,2,17,65425,8219,2,2306680,4096,7,0,0.2614831946313815,-0.04027885095354991,0.0,-0.08749999999999998,-0.13862928348909656
cv30rz6,4,0,63,9821,9821,7,2362284,297,7,0,0.10881854154889765,-0.006497689345985789,0.02974963181148748,0.024999999999999994,-0.020634920634920645
cv31ja5,1,0,47,11169,11169,7,2360936,31039,7,0,0.25331681456173627,-0.0011444501503924975,0.020824742268041235,0.08749999999999998,-0.017440337713959975
cv36k2n,1,0,96,22318,22318,7,2349787,12751,7,0,0.07164516403529439,0.13160649995134774,0.07362282620014578,0.17500000000000002,-0.008423500379650728
cv3n244,1,0,34,65535,65535,7,2306570,4096,7,0,0.013004492805823609,0.15374013743508347,0.08676975945017182,0.16249999999999998,0.008429540040315209
cv3pelf,1,0,36,68982,68982,7,2303123,13581,7,0,0.6007662835249044,0.1834744781501208,0.05339677504625959,-1.3877787807814457e-17,0.04603174603174602
cv3v5tr,1,0,59,77308,77308,7,2294797,4094,7,0,0.24258915190561425,0.054820683969578975,0.051208382626330914,0.36249999999999993,0.07999736199960429
cv2vi2a,-2,0,16,590,590,7,2371515,171561,7,0,0.2518236074270557,0.2866857065143479,0.23138602520045817,0.2125,0.057692307692307696
cv2zoeg,-2,0,2,7932,7932,7,2364173,7254,7,0,-0.4022988505747126,,,-0.23749999999999993,-0.10476190476190476
