comment_id,score,depth,length,time_since_submission,time_since_parent,parent_score,age,karma,submission_score,urls,alignment_content,alignment_syntax_3,alignment_syntax_4,alignment_features_binary,alignment_features_frequency
cv30mu6,3,0,17,175,175,0,2362505,4333,0,0,-0.17481363237289488,-0.08147518472503763,0.0,0.07142857142857141,-0.0456540825285338
cv31qh1,2,0,83,2129,2129,0,2360555,28340,0,0,-0.019710530433421993,0.05865145263348028,0.036114911080711354,0.29999999999999993,-0.004518072289156627
cv328zz,-2,1,57,3047,918,2,2359637,219,0,0,0.09668003891724754,0.11701600609756098,0.052642073778664006,0.11428571428571428,0.03728681034061476
cv5ja40,1,2,235,184190,181143,-2,2178494,28340,0,1,0.11821773970710141,-0.003725895277929871,0.023891402714932126,0.4428571428571428,0.0026595744680850963
cv35st4,1,2,32,9803,6756,-2,2352881,71598,0,0,-0.040909090909090916,0.03658998521803399,0.0,-0.05714285714285715,0.0068681318681318715
cv3e0xs,2,0,189,40097,40097,0,2322587,23317,0,0,0.4522720041650999,0.2674404826104221,0.28593837535014005,0.22857142857142856,0.006999681832643961
cv3owf5,1,1,163,58846,18749,2,2303838,219,0,3,0.13239788903613092,0.0065131782431954825,0.016972034715525552,0.2571428571428571,0.007365381000393051
cv3pc7a,1,2,235,59488,642,1,2303196,23317,0,0,0.10771273364838262,-0.0011839133906699608,0.016176470588235292,0.22857142857142856,-0.02521916315215847
cv4en3m,1,3,234,102069,42581,1,2260615,219,0,0,0.22650460032075628,-0.014132367886178854,0.01217993079584775,0.2571428571428571,-0.0004999642882651256
cv37ag0,1,0,29,14768,14768,0,2347916,27996,0,0,0.17567141051549187,0.053373110761919945,0.0,0.12857142857142856,0.0770560050270992
cv3a4fu,1,1,80,24115,9347,1,2338569,922,0,0,0.11426751592356692,0.02252235740202679,0.024359861591695505,0.0,0.009076433121019106
cv4f2uh,1,2,17,103318,79203,1,2259366,219,0,0,0.3074315165417901,0.05370299796747967,0.06901960784313725,0.11428571428571428,0.07340652138292644
cv3e98f,1,2,169,40724,16609,1,2321960,27996,0,0,0.03909074979690012,0.003924010093307074,0.03375959079283888,0.12857142857142856,-0.02333167095739376
