comment_id,score,depth,length,time_since_submission,time_since_parent,parent_score,age,karma,submission_score,urls,alignment_content,alignment_syntax_3,alignment_syntax_4,alignment_features_binary,alignment_features_frequency
cv33mzy,-6,1,13,2023,1335,7,2357112,4027,0,0,0.2613624639660141,-0.14577923557013342,0.08166189111747851,-0.27499999999999997,0.009846153846153866
cv333dx,5,0,49,1029,1029,0,2358106,3661,0,0,0.1356335971720589,-0.04355613847915669,0.06725096915557054,0.17500000000000004,-0.010399375061029198
cv33s0j,-6,1,125,2289,1260,5,2356846,4027,0,0,-0.06127021696252463,-0.10699344625238603,0.05884459801112422,0.22499999999999998,-0.023999999999999994
cv34y65,4,2,28,4545,2256,-6,2354590,3661,0,0,0.13563359717205867,-0.0354461672695544,0.04234320280165552,-0.075,0.030416951469583037
cv35wtg,-4,3,11,6495,1950,4,2352640,4027,0,0,0.6557432311278465,-0.2933807115848938,0.0,-0.275,-0.05309090909090908
cv36o25,2,4,2,9658,3163,-4,2349477,1463,0,0,-0.7631998179335454,-0.38737038954099967,0.0,-0.6875,-0.11057692307692307
cv335ez,1,0,159,1131,1131,0,2358004,133804,0,0,0.38311388839748955,0.19367596990887073,0.16513849092645655,0.2625,0.019768971544935218
cv33trb,-4,1,58,2381,1250,1,2356754,4027,0,0,0.07298646534720783,0.2753190930602113,0.22182782363255357,0.09999999999999999,-0.057793103448275845
cv3533w,1,2,64,4812,2431,-4,2354323,1579,0,0,0.26989561864237743,0.04851437746504551,0.09269728180902967,0.1125,-0.03729890194075587
cv35odr,-2,3,53,6007,1195,1,2353128,4027,0,0,0.3189624502251496,0.025127736657483465,0.10207736389684814,0.22499999999999998,-0.030792452830188666
cv355rh,1,0,42,4958,4958,0,2354177,1579,0,0,0.2201632996792893,0.012085077001828228,0.02485361903575433,0.23750000000000002,-0.09161437813123206
cv363xh,-2,1,56,6910,1952,1,2352225,4027,0,0,0.1810256410256411,-0.012461773363253369,0.13119451359857204,0.22499999999999998,-0.01899999999999999
cv36yzr,-1,3,30,10398,664,1,2348737,4027,0,0,0.2506508875739644,0.41605864087314715,0.19054441260744986,0.09999999999999999,-0.043999999999999984
cv3luti,1,0,10,50799,50799,0,2308336,686,0,0,0.513291055271048,0.49628322370180245,0.3117999479030998,-0.275,-0.13004484304932734
cv44mhd,0,1,5,79294,28495,1,2279841,4027,0,0,-0.027850098619329407,0.4446266684889064,0.28581661891117477,-0.39999999999999997,-0.144
