comment_id,score,depth,length,time_since_submission,time_since_parent,parent_score,age,karma,submission_score,urls,alignment_content,alignment_syntax_3,alignment_syntax_4,alignment_features_binary,alignment_features_frequency
cv3e1o3,12,0,10,1081,1081,0,2322406,87807,0,0,0.48304584120982985,-0.008753016894609795,0.0,-0.1875,-0.041776937618147436
cv3ef0g,4,0,6,2067,2067,0,2321420,297,0,0,0.0996826710816778,0.25555555555555554,0.0,-0.08750000000000001,-0.09271523178807947
cv3i3cx,1,0,8,9391,9391,0,2314096,3938,0,0,0.07600715361445781,-0.03312629399585921,0.0,-0.1375,-0.13253012048192772
cv3pvvh,1,0,12,21217,21217,0,2302270,731,0,0,-0.11067708333333338,0.0053030303030303,0.0,-0.125,0.04166666666666666
cv3edh1,-3,0,13,1958,1958,0,2321529,14676,0,0,0.19328222453222454,0.0908641975308642,0.0,0.1375,-0.017671517671517672
cv3hav1,3,1,62,8066,6108,-3,2315421,16036,0,0,-0.05970637439945091,-0.052049910873440304,0.015548281505728312,0.16249999999999998,0.0038606726149622433
cv3g3yr,5,1,14,5861,3903,-3,2317629,23317,0,0,0.02133958399618199,0.07527661552766152,0.0,-0.26249999999999996,0.006999681832643961
cv3gmyz,-1,2,16,6866,1005,5,2316624,310,0,0,-0.0040991512345678865,0.08667396860167946,0.0,-0.062499999999999986,0.06527777777777778
cv3h3t4,2,3,35,7716,850,-1,2315774,23317,0,0,0.07825922685332487,0.04533509505982528,0.027314548591144336,0.1125,-0.05014317531021317
cv3hcms,0,4,30,8147,431,2,2315343,310,0,0,-0.07050540123456787,-0.07999269806498721,0.0,0.06250000000000001,0.04444444444444444
cv3hfqp,1,5,28,8295,148,0,2315195,23317,0,1,0.21107172685332493,0.03628019975705225,0.03368794326241135,0.1125,0.04271396754692969
