comment_id,score,depth,length,time_since_submission,time_since_parent,parent_score,age,karma,submission_score,urls,alignment_content,alignment_syntax_3,alignment_syntax_4,alignment_features_binary,alignment_features_frequency
cv3khya,9,0,35,1708,1708,0,2310203,9327,0,0,0.01245644599303132,0.008796182332491123,0.13509898341359017,0.13749999999999998,0.010235191637630647
cv3khsf,16,0,223,1700,1700,0,2310214,84897,0,0,0.714712345145703,0.4956894448612532,0.5863295880149813,0.2,0.03555613806791054
cv3vcup,-2,1,92,17612,15912,16,2294302,30,0,0,0.2680040288735939,0.10695436810856666,0.06877766428328226,0.1125,0.04709391665913404
cv3vwcc,3,2,76,18367,755,-2,2293547,84897,0,0,-0.10789630652832491,-0.147678387128699,0.01319571465900183,0.2,-0.011647071750357105
cv9f5yg,-1,3,121,452175,433808,3,1859739,30,0,1,0.13353967899422436,0.04788023996582528,0.05006609385327165,0.1125,0.0054122781395508635
cv3jrhi,4,0,52,573,573,0,2311341,14676,0,0,0.13513513513513498,-0.010008230452674887,0.06423574305702777,0.38750000000000007,0.02079002079002079
cv3ky8i,8,0,115,2400,2400,0,2309514,6584,0,0,-0.05403726708074533,-0.026622413983847758,0.07856525496974935,0.25,-0.01360089186176143
cv3vaes,-1,1,75,17517,15117,8,2294397,30,0,0,0.4967824967824967,0.521641547595746,0.5158324821246169,0.1125,-0.046819126819126825
cv6ahjk,1,2,15,194042,187119,0,2117872,345,0,1,0.20771349862258956,0.08780329909741674,0.08105939004815409,0.07500000000000001,0.04242424242424242
cv3jgx1,7,0,1,109,109,0,2311805,19327,0,0,-0.6116338751069293,,,-0.825,-0.09580838323353294
cv3jwbf,-5,0,161,780,780,0,2311134,310,0,0,0.23024527041090215,-0.05473805511379534,0.07092696629213482,0.3125,-0.022843340234644585
cv3vkwn,0,1,147,17922,17142,-5,2293992,30,0,0,0.1304073753053345,0.03770992366412225,0.08564765740937036,0.1125,0.0024325738611452874
cv3mksp,-3,0,28,4843,4843,0,2307071,20727,0,0,0.1642681642681643,-0.16394048078868484,0.0420307948397836,-0.07500000000000001,0.012636012636012633
cv3v7e3,0,1,20,17399,12556,-3,2294515,30,0,0,0.46583011583011597,0.012376590330788874,0.05972797161442933,0.1125,0.02318087318087317
