comment_id,score,depth,length,time_since_submission,time_since_parent,parent_score,age,karma,submission_score,urls,alignment_content,alignment_syntax_3,alignment_syntax_4,alignment_features_binary,alignment_features_frequency
cv3ttwd,15,0,49,151,151,0,2296387,23317,0,0,0.6284958061853578,0.6062708339039413,0.625,0.23750000000000002,-0.07463297122858052
cv4fikk,1,1,74,38768,38617,15,2257770,243,0,0,0.31274321205073846,0.14444782388384803,0.041666666666666664,0.13749999999999998,-0.005010232164279149
cv3uosa,4,1,25,1375,1224,15,2295166,6584,0,0,-0.08918617614269783,-0.10726806306835833,0.0,0.25,0.0020512820512820495
cv3v36b,4,2,16,1941,566,4,2294600,23317,0,0,-0.22554146089538737,0.055977760699816845,0.0,0.11250000000000002,-0.07335746102449889
cv3u34h,5,0,35,518,518,0,2296023,1862,0,1,0.2158228245184767,-0.14455505779547592,0.0,0.33749999999999997,0.021645021645021634
cv529w1,1,1,99,88839,88321,5,2207702,243,0,0,0.24211922838327665,0.14769370732864648,0.06074766355140187,0.13749999999999998,-0.005419732573779562
cv3ur6f,4,0,22,1470,1470,0,2295071,1068,0,0,-0.09099439815736349,-0.1596348275991352,0.0,0.125,0.17200784826684107
cv3v11l,4,0,16,1856,1856,0,2294689,444,0,0,0.15015414053364515,-0.011062234080911532,0.07738095238095238,-0.0875,-0.003361858190709055
cv3ywfl,1,1,27,7386,5530,4,2289159,5279,0,0,0.12037826402702784,-0.0507467354757995,0.0,0.575,0.015250544662309365
cv3v6nx,2,0,18,2078,2078,0,2294467,58922,0,0,0.8587067322607813,0.6905039566847149,0.7583333333333332,0.012499999999999983,-0.02420998980632008
cv51eqg,1,0,1,87568,87568,0,2208977,297,0,0,-0.4031097034264324,,,-0.33749999999999997,-0.09271523178807947
