comment_id,score,depth,length,time_since_submission,time_since_parent,parent_score,age,karma,submission_score,urls,alignment_content,alignment_syntax_3,alignment_syntax_4,alignment_features_binary,alignment_features_frequency
cv3vim7,3,0,36,699,699,4,2293994,58922,4,0,0.33825374421704696,0.1676399061366707,0.1,0.059999999999999984,-0.05198776758409786
cv3w1fn,2,1,25,1432,733,3,2293261,23317,4,0,0.20902861058763064,0.19651546346107016,0.038461538461538464,0.13999999999999999,0.024142538975501115
cv3w467,2,2,33,1540,108,2,2293153,58922,4,0,-0.022080366117063377,0.012432782636864268,0.0,0.059999999999999984,-0.01410897970530997
cv3wh9j,1,3,161,2064,524,2,2292629,23317,4,0,0.08294165406589152,0.050046248835430955,0.005617977528089888,0.13999999999999999,0.013210861956867576
cv40idd,1,0,112,8069,8069,4,2286624,27996,4,0,0.15537388295076224,0.07230754370713802,0.008695652173913044,0.09999999999999998,0.013016596160104116
cv41g2x,1,1,28,9613,1544,1,2285080,33149,4,0,0.008918617614269788,-0.04675772117632583,0.0,-0.08000000000000003,-0.05127674258109041
cv41k4p,1,0,65,9802,9802,4,2284891,33149,4,0,0.18939199039533489,0.011929537510932852,0.013698630136986302,0.11999999999999997,0.0003716090672612471
cv43dh6,1,1,51,12917,3115,1,2281776,23317,4,0,0.12245244165852052,0.07033410969350949,0.01754385964912281,0.13999999999999999,0.04061312721079524
cv4bw9n,1,0,22,27989,27989,4,2266704,14452,4,0,0.07712099221533186,0.023687691997219547,0.0,-0.040000000000000015,0.02315608919382503
cv3y1tf,0,0,27,4281,4281,4,2290412,5279,4,0,0.30977668845315903,-0.015079365079365078,0.0,0.36,0.12636165577342046
cv3y4kp,1,1,52,4392,111,0,2290301,23317,4,0,0.2204191431320094,0.03355250049810719,0.0,0.13999999999999999,-0.0012420764091142789
cv3y7jl,1,2,29,4512,120,1,2290181,5279,4,0,0.2358499765954127,-0.01507936507936508,0.0,0.56,0.07910750507099391
