comment_id,score,depth,length,time_since_submission,time_since_parent,parent_score,age,karma,submission_score,urls,alignment_content,alignment_syntax_3,alignment_syntax_4,alignment_features_binary,alignment_features_frequency
cv408bj,4,0,69,826,826,4,2287073,133804,4,0,0.41702455965502405,0.1587722343891887,0.0902428143521764,0.2625,0.05340309787799509
cv4gzdi,2,1,19,35270,34444,4,2252629,18457,4,0,0.0701641780960746,0.07426701002140787,0.11240771612288641,0.1,0.06643132220795891
cv4j26m,1,2,18,44516,9246,2,2243383,133804,4,1,-0.11895306556745251,-0.06294624574898068,0.0,0.1375,0.0606494746895893
cv42hqq,3,0,23,4596,4596,4,2283303,1866,4,0,0.19543478260869535,0.02763660603856944,0.04107205012182388,0.125,-0.04304347826086957
cv494q1,-1,1,16,16151,11555,3,2271748,47477,4,0,0.21227984845381934,0.018980862443590183,0.0,-0.012499999999999997,0.07076848249027237
cv4494q,3,1,54,7672,3076,3,2280227,56544,4,0,-0.08042034911841,0.01676619536898801,0.0,0.03749999999999999,0.009885825675299359
cv44z2y,3,1,23,8957,4361,3,2278942,6815,4,0,0.12574246792621177,-0.006073971559786151,0.04107205012182388,0.2625,-0.057604771621409506
cv481d8,3,2,24,14268,5311,3,2273631,1866,4,0,-0.03807017543859653,0.14406723355728002,0.08898944193061842,0.25,-0.08833333333333335
cv4cxfj,2,0,3,23389,23389,4,2264510,59170,4,0,-0.5792408530620227,0.9888677986969685,,-0.26249999999999996,-0.14312267657992564
cv4opi7,1,0,48,59605,59605,4,2228294,145,4,0,0.3242102960814108,-0.0431030813343807,0.02093869221896904,0.0625,-0.016732283464566927
cv40nm0,1,0,83,1519,1519,4,2286380,4277,4,0,-0.07901349936526653,-0.057171770233859366,0.024269847799259565,0.23750000000000002,-0.06416308508889358
cv417qa,-1,0,21,2438,2438,4,2285461,40450,4,0,0.3349149572961529,0.13318767109871604,0.050851109674639086,0.39999999999999997,-0.02034211742949607
