comment_id,score,depth,length,time_since_submission,time_since_parent,parent_score,age,karma,submission_score,urls,alignment_content,alignment_syntax_3,alignment_syntax_4,alignment_features_binary,alignment_features_frequency
cv48e7g,5,0,80,802,802,0,2272993,555,0,0,0.014896356379554533,-0.000683047667619902,0.011619190404797601,0.11249999999999999,0.01210892236384703
cv49fxl,-1,1,26,2607,1805,5,2271191,66127,0,0,-0.10647458188441788,-0.007556149845146725,0.0,0.03749999999999999,0.05370858649547175
cv4qx18,4,2,8,49068,46461,-1,2224730,56544,0,0,0.5226608187134503,-0.0033820346320346563,0.0,-0.21250000000000002,0.04229323308270677
cv49jbr,3,2,4,2771,164,-1,2271027,555,0,0,0.3037852452684436,-0.17174854131375877,0.0,-0.5125,0.11210892236384704
cv48t8t,3,0,234,1521,1521,0,2272277,5323,0,0,0.17257365036638248,0.14715511285192232,0.048960252698078445,0.30000000000000004,0.053778283926332396
cv4bflj,4,0,26,6204,6204,0,2267598,8712,0,0,-0.2924836601307191,-0.07334996231561566,0.0,-0.5125,-0.04440045248868778
cv4qz73,2,1,9,49163,42959,4,2224643,56544,0,0,0.2618583495776479,-0.165719696969697,0.0,-0.3375,0.028404344193817876
cv4pltr,2,0,58,46999,46999,0,2226807,22552,0,0,0.12300755699498321,-0.0967444717444718,0.0,0.42500000000000004,0.02190893503524481
cv4r03h,2,1,9,49200,2201,2,2224606,56544,0,0,0.42235217673814174,0.21306818181818182,0.2672413793103448,-0.46249999999999997,0.13951545530492898
cv4qeyu,2,0,59,48275,48275,0,2225531,13514,0,0,0.2562507801603197,-0.011553761553761564,0.017241379310344827,0.0625,0.014897670102085675
cv48tuq,1,0,1,1552,1552,0,2272254,601,0,0,-0.4198966408268735,,,-0.6125,-0.14534883720930233
cv4diy0,1,0,80,10654,10654,0,2263156,9412,0,0,0.06689435336976317,0.028525081451136195,0.012725779967159278,0.38749999999999996,0.03954918032786886
