comment_id,score,depth,length,time_since_submission,time_since_parent,parent_score,age,karma,submission_score,urls,alignment_content,alignment_syntax_3,alignment_syntax_4,alignment_features_binary,alignment_features_frequency
cv48ra7,9,0,15,285,285,0,2272360,10886,0,0,0.2180871212121212,0.08618331053351577,0.058823529411764705,0.0857142857142857,0.13749999999999998
cv48rzn,-3,1,4,317,32,9,2272328,4096,0,0,0.3503964882469555,0.2701281629970424,0.0,-0.5857142857142856,0.11137071651090344
cv48t2k,5,2,8,368,51,-3,2272277,10886,0,0,-0.22736742424242434,-0.09028727770177841,0.0,-0.3428571428571428,-0.12916666666666668
cv48uw0,7,0,35,456,456,0,2272189,6815,0,0,0.2755661306202822,0.13011113240084304,0.02564102564102564,0.1,0.09891696750902529
cv4avox,3,0,65,4039,4039,0,2268606,4194,0,0,0.8221724383401032,-0.06826115061409178,0.0,-0.32857142857142857,-0.1317365269461078
cv48r3z,3,0,10,276,276,0,2272372,17602,0,0,0.09271159874608155,-0.12158739093723615,0.0,-0.15714285714285717,0.08669950738916257
cv4qbw8,2,0,20,46996,46996,0,2225652,13514,0,0,0.2208016767094577,0.07570458158693452,0.0,0.14285714285714285,0.0462536023054755
cv4r9xb,2,0,24,48482,48482,0,2224166,31039,0,0,0.07321426612248481,0.08695490814622378,0.043478260869565216,-0.2,0.04284335022930243
cv4a2x3,3,0,60,2597,2597,0,2270051,351,0,0,0.15852346421412566,-0.009969604863221886,0.0,0.028571428571428564,0.0172503242542153
cv4crb6,1,0,63,7783,7783,0,2264865,3411,0,0,0.11829386581042209,0.037271121359890844,0.045454545454545456,0.21428571428571427,0.01177336276674025
cv61a7u,1,0,122,140517,140517,0,2132131,3051,0,0,-0.02867844193156852,-0.06709387956595501,0.0,0.1714285714285714,-0.033082643231367254
cv48pxr,0,0,31,221,221,0,2272427,1221,0,0,0.12098794184327721,0.0848636323062816,0.0625,-0.042857142857142864,-0.018455586343911756
cv48u6v,0,0,16,423,423,0,2272225,704,0,0,0.02888061109015468,0.2342436974789916,0.06666666666666667,-0.1285714285714286,-0.020228215767634866
