comment_id,score,depth,length,time_since_submission,time_since_parent,parent_score,age,karma,submission_score,urls,alignment_content,alignment_syntax_3,alignment_syntax_4,alignment_features_binary,alignment_features_frequency
cv4ch5y,17,0,42,5163,5163,1,2265460,6584,1,0,0.2665317139001351,0.020045882798405277,0.061232876712328764,0.0,-0.022710622710622713
cv5hpoy,1,1,149,89444,84281,17,2181179,38407,1,0,0.08414042056243198,-0.010271274813180313,0.048025785656728444,0.2,-0.01600808108478291
cv4bbkb,3,0,101,2834,2834,1,2267789,54177,1,0,0.2268772060920094,0.20690725047993944,0.21588514225500527,0.4375,0.039853041907964376
cv4be3u,1,1,22,2967,133,3,2267656,6869,1,0,0.05316321105794792,0.04619715598758448,0.04638854296388543,0.375,0.02525252525252525
cv4bju1,3,2,39,3275,308,1,2267351,54177,1,0,-0.0012731393069029516,0.056260850306844905,0.02758237689744539,0.3125,-0.01015965166908564
cv4ejle,4,0,20,10064,10064,1,2260562,3916,1,1,0.3205128205128203,0.15402902591421663,0.0,0.35,-0.09003944773175541
cv4fn68,5,1,54,13291,3227,4,2257335,3463,1,0,0.052899231383005604,-0.07074926520258269,0.0,0.13749999999999996,-0.016695451928612548
cv4otdd,1,2,39,42549,29258,5,2228081,6584,1,0,-0.05398110661268556,0.02581666724037039,0.07120101943294042,1.3877787807814457e-17,0.03589743589743591
cv4fzu0,2,0,116,14442,14442,1,2256188,2159,1,0,-0.005568388054776435,0.015758821514217182,0.03265753424657534,0.2875,0.09420062695924764
cv4a4et,4,0,56,657,657,1,2269973,1613,1,0,0.017722420385434555,0.08708205919237337,0.06692117673478552,0.2875,0.026816187225743526
cv4b3nt,3,1,48,2437,1780,4,2268193,6869,1,0,-0.00913742690058477,-0.0879911455451024,0.06248252725747833,0.5,0.013888888888888895
cv4bjk4,3,2,6,3260,823,3,2267370,1613,1,1,-0.16241542422609426,-0.15659396772802575,0.0,-0.08749999999999998,0.050625711035267335
cv4bqd5,1,3,8,3637,377,3,2266993,6869,1,0,-0.036549707602339186,-0.16233167312304003,0.0,0.0,-0.1111111111111111
cv4fanp,1,0,81,12216,12216,1,2258414,58624,1,0,0.1796318962781631,0.043717691092328675,0.04918303350387852,0.38749999999999996,0.03186907838070628
cv4c0g3,-3,0,81,4191,4191,1,2266439,1627,1,0,0.013241163911958528,0.07433569273613366,0.021485219899062723,0.1375,0.039423176678078625
cv4c4k2,1,1,60,4425,234,-3,2266205,6869,1,0,-0.03654970760233916,-0.06640841173215274,0.04783818493150685,0.625,0.07222222222222222
cv4llr8,1,2,111,36083,31658,1,2234547,97715,1,0,0.04343997479008921,-0.004282288454950325,0.008164383561643835,0.5,0.04196743327178111
