comment_id,score,depth,length,time_since_submission,time_since_parent,parent_score,age,karma,submission_score,urls,alignment_content,alignment_syntax_3,alignment_syntax_4,alignment_features_binary,alignment_features_frequency
cv4cf2v,9,0,43,2371,2371,5,2265555,6584,5,0,0.24595422228338154,-0.06541878200673656,0.14999999999999997,0.25,0.04484197972570067
cv4bgbi,16,0,13,421,421,5,2267505,587,5,0,0.2057593688362918,-0.3166831365533135,0.0,0.3625,-0.051282051282051266
cv4dy0p,0,2,4,5850,842,1,2262079,3916,5,0,0.65783644363526,-0.12488705802038685,0.0,-0.4,-0.14003944773175542
cv4hw27,3,3,6,19171,13321,0,2248758,21638,5,0,0.02711018711018687,0.46780376296817305,0.28125,-0.08750000000000002,0.2252252252252252
cv4m5td,2,4,19,34758,15587,3,2233171,3916,5,0,0.42026559343283126,0.062296325971508165,0.1125,0.225,-0.03477628983701858
cv4omic,2,5,12,39556,4798,2,2228373,7216,5,0,0.21494505494505475,0.364508110975671,0.33749999999999997,-0.1,-0.11255411255411256
cv4d46m,4,0,38,3901,3901,5,2264028,23317,5,1,-0.3055910119654112,-0.15501281805402328,0.026785714285714288,0.11250000000000002,-0.0042785136560778425
cv4chs9,7,0,59,2534,2534,5,2265395,505,5,0,0.28902216427640176,-0.0570838621538189,0.07142857142857142,0.3375,-0.0027354644925981497
cv4s5vd,3,1,10,45158,42624,7,2222776,10001,5,0,-0.3260514926551892,0.022678706930968375,0.140625,-0.475,0.08501026694045176
cv4br2m,6,0,311,1008,1008,5,2266926,14452,5,0,0.2784735788388038,0.02592286961918676,0.0829646017699115,0.23750000000000004,0.015409816174240115
cv4diwg,1,1,140,4828,3820,6,2263106,3411,5,0,0.40094607379375585,0.2134552499660349,0.1695205479452055,0.275,0.05066225165562914
cv4bywa,4,1,54,1437,429,6,2266497,72259,5,0,0.43405532114392786,0.08275475923852178,0.13347457627118645,0.0875,0.06399437412095639
cv4c1bb,-1,2,23,1573,136,4,2266361,14452,5,0,0.13824193853726235,0.08936684400866116,0.2142857142857143,0.1125,0.06070549630844954
cv4cp5h,3,0,147,2974,2974,5,2264960,21440,5,0,0.36221830058283233,0.019867913197694678,0.08132530120481928,0.2875,0.0017593244194229335
cv4qh3p,-2,0,11,42543,42543,5,2225391,13514,5,0,0.09986094597045612,0.0386324428877622,0.125,-0.1875,-0.012837306785433586
