comment_id,score,depth,length,time_since_submission,time_since_parent,parent_score,age,karma,submission_score,urls,alignment_content,alignment_syntax_3,alignment_syntax_4,alignment_features_binary,alignment_features_frequency
cv4tvm5,3,0,26,2083,2083,0,2219819,54177,0,0,0.20638037508181792,0.06858745537990821,0.04,0.4375,-0.061441702951136906
cv52mht,2,1,22,15125,13042,3,2206777,56361,0,0,0.18588516746411485,0.05205736348593493,0.0,0.6375,-0.024880382775119614
cv4u1gk,3,0,9,2333,2333,0,2219569,3829,0,0,0.14932419569769662,-0.08380288415624106,0.0,-0.5625,0.2129449838187702
cv4vi8a,2,1,43,4540,2207,3,2217362,36014,0,0,0.15089340929108183,0.08198198198198199,0.022727272727272728,0.09999999999999998,0.05861739407454605
cv4wbgp,1,2,26,5753,1213,2,2216153,69014,0,1,0.13283387975180855,0.08577445453608912,0.07142857142857142,0.0625,-0.036388760939659134
cv4wsrm,1,3,8,6472,719,1,2215434,36014,0,0,-0.01677074939564866,-0.05855855855855857,0.0,-0.4,-0.025684931506849307
cv4xgeb,1,4,11,7439,967,1,2214467,69014,0,0,-0.103077267924045,-0.05961231154033209,0.0,-0.3125,0.016058791507893314
cv51vn3,2,0,11,14007,14007,0,2207899,21440,0,0,0.31077816706619954,0.02714987714987713,0.0,0.2875,-0.029780564263322887
cv4uhyb,1,0,31,3023,3023,0,2218883,30056,0,0,0.11759962049335865,0.06364203021368088,0.030303030303030304,0.1375,-0.0627565982404692
cv4vgij,1,0,52,4471,4471,0,2217435,53119,0,0,0.02292070674423615,-0.04725634725634726,0.0,0.21250000000000002,0.14505494505494507
cv4w96j,1,0,14,5655,5655,0,2216251,69014,0,0,0.18664771297740654,-0.05961231154033212,0.0,0.0625,0.06800684345594525
cv4whzf,0,1,28,6026,371,1,2215880,176,0,1,0.21675607001693958,-0.06581398113656178,0.0,0.024999999999999967,-0.011434217955957088
cv4x4ru,1,2,69,6961,935,0,2214945,69014,0,1,0.09765124482492818,0.007955256027235466,0.012987012987012986,0.3125,-0.0023865312852555665
cv4xyku,0,3,55,8181,1220,1,2213725,176,0,0,0.02666821669379214,0.0055896805896805775,0.033898305084745756,0.14999999999999997,0.026877470355731223
