comment_id,score,depth,length,time_since_submission,time_since_parent,parent_score,age,karma,submission_score,urls,alignment_content,alignment_syntax_3,alignment_syntax_4,alignment_features_binary,alignment_features_frequency
cv4xtz4,8,0,36,5876,5876,4,2213857,5239,4,0,-0.0020468448352057387,-0.10805254445453091,0.0,0.04285714285714283,-0.01166468960063266
cv5gn55,1,1,142,37000,31124,8,2182733,5901,4,0,0.0623924542731502,-0.0033066318926974546,0.013141837979911763,0.07142857142857141,0.06933911159263273
cv5hrgl,5,2,12,39039,2039,1,2180694,52189,4,0,-0.2015076947113506,0.10691061731960254,0.1044776119402985,0.0142857142857143,-0.00830013280212484
cv5767a,2,1,54,20260,14384,8,2199473,9117,4,0,0.008387799564270158,0.059682421838049185,0.05698778833107191,0.24285714285714283,0.017592592592592576
cv4zrj1,3,0,28,8765,8765,4,2210968,1276,4,0,0.027672215382968463,-0.02173768066737803,0.06740491092922485,0.12857142857142856,0.035259326660600554
cv4tz2c,2,0,38,115,115,4,2219618,6584,4,0,-0.04942446614273241,-0.06041519319045837,0.0,0.22857142857142856,-0.03900134952766532
cv59qu1,1,1,8,24909,24794,2,2194824,26931,4,0,-0.10958254269449715,0.0029171288877932995,0.0,0.07142857142857141,0.07661290322580645
cv59zoj,2,0,12,25364,25364,4,2194373,14665,4,0,-0.16946778711484592,-0.10445565363598149,0.0,0.08571428571428573,-0.052380952380952375
cv51vkz,3,0,11,11888,11888,4,2207849,33446,4,0,0.11584541933159173,-0.05327505108011316,0.0,0.17142857142857146,-0.040790755951552266
cv4vj1o,1,0,12,2457,2457,4,2217284,14676,4,0,0.06120826709062001,-0.12932604735883427,0.0,-0.10000000000000002,-0.0945945945945946
cv5mckv,2,1,5,50570,48113,1,2169171,8321,4,0,-0.10721865583649944,-0.15663713810542032,0.0,-0.4714285714285715,0.07750556792873052
cv4xg6u,1,0,33,5313,5313,4,2214432,10906,4,0,0.18286893704850368,0.04680290046143706,0.05804311774461028,0.21428571428571427,0.014673046251993616
cv51995,1,0,78,10974,10974,4,2208771,4898,4,0,0.08802961744138212,-0.0038123324618250494,0.039179104477611935,0.21428571428571427,0.02489934308116125
cv57g30,1,1,107,20742,9768,1,2199003,9117,4,0,0.023617983018752675,-0.08400914540457009,0.008291873963515755,0.24285714285714283,-0.009060228452751826
cv539w4,1,0,21,13992,13992,4,2205753,12751,4,0,0.1982095799595464,0.05928718198003681,0.0,-0.014285714285714282,0.019850309144158793
cv5h066,0,0,179,37660,37660,4,2182085,5901,4,1,-0.02584052559752969,-0.014953143238897914,0.01034431801389094,0.07142857142857141,-0.0020276363812440634
