comment_id,score,depth,length,time_since_submission,time_since_parent,parent_score,age,karma,submission_score,urls,alignment_content,alignment_syntax_3,alignment_syntax_4,alignment_features_binary,alignment_features_frequency
cv4xxw1,3,0,31,519,519,3,2213691,14676,3,0,-0.044403274241983925,0.028571428571428567,0.0,0.3333333333333333,-0.06233653007846557
cv5lky2,1,1,15,42516,41997,3,2171694,17149,3,0,0.11560846560846559,-0.012987012987012988,0.0,0.06666666666666665,0.1142857142857143
cv4xmk3,5,0,24,59,59,3,2214155,6584,3,0,0.06225071225071225,-0.013729977116704806,0.0,-0.26666666666666666,-0.03461538461538462
cv555fo,0,1,5,11393,11334,5,2202821,4096,3,0,-0.11180339217722393,-0.006983240223463688,0.0,-0.7000000000000001,-0.13862928348909656
cv4y2ka,3,1,15,709,650,5,2213505,6139,3,0,0.05864197530864196,-0.03333333333333333,0.0,0.3833333333333333,-0.03333333333333334
cv4zp3s,2,2,21,3150,2441,3,2211064,143328,3,0,0.04324807874747707,-0.007443365695792879,0.0,-0.06666666666666667,-0.042347143430175926
cv50dtb,1,3,29,4173,1023,2,2210041,6139,3,0,-0.11607066836951893,-0.0030303030303030333,0.0,0.3833333333333333,0.03793103448275861
cv50xql,0,4,140,4991,818,1,2209223,143328,3,6,-0.01706938156998326,0.029142000157865656,0.0061349693251533735,0.09999999999999999,0.012414761331728835
cv51cx4,0,5,36,5610,619,0,2208604,6139,3,0,-0.09382716049382717,-0.03333333333333333,0.0,0.5499999999999999,-0.04444444444444445
cv51g2v,1,6,33,5739,129,0,2208475,143328,3,0,0.21231974781914614,-0.00744336569579288,0.0,0.09999999999999999,-0.016373117456149944
cv522hi,0,7,23,6655,916,1,2207559,6139,3,0,-0.06068169618894257,-0.03333333333333333,0.0,0.3833333333333333,0.030434782608695643
cv4y5l3,3,1,20,837,778,5,2213377,1579,3,0,0.10862841902167743,-0.01323918799646955,0.0,0.0666666666666667,0.03457609805924412
cv4z3n1,1,0,7,2253,2253,3,2211961,23034,3,0,-0.177431906614786,-0.00947867298578199,0.0,-0.6333333333333333,0.037798777098387984
