comment_id,score,depth,length,time_since_submission,time_since_parent,parent_score,age,karma,submission_score,urls,alignment_content,alignment_syntax_3,alignment_syntax_4,alignment_features_binary,alignment_features_frequency
cv52h7u,5,0,37,280,280,1,2206926,19327,1,1,0.007077543754190454,-0.020298879202988784,0.023255813953488372,-0.040000000000000036,0.0393267519016022
cv5349a,2,1,29,1256,976,5,2205950,40415,1,0,0.1416401900486781,-0.018267806563937318,0.0,0.059999999999999984,-0.005596525490424692
cv53gfr,5,0,95,1765,1765,1,2205441,69014,1,0,0.11556436000180093,-0.011282490716938013,0.009345794392523364,0.24,0.009360226914591874
cv562ze,4,0,59,5918,5918,1,2201288,12338,1,0,0.16246161657680314,0.10959010959010958,0.016129032258064516,0.44000000000000006,0.06392804468193138
cv56j3x,2,0,104,6661,6661,1,2200545,111500,1,0,0.03802880645366196,-0.020286291384912617,0.008547008547008548,0.41999999999999993,0.01900844819919964
cv5pmyn,1,1,46,52080,45419,2,2155126,148,1,0,-0.02473227671878346,0.0535337552742616,0.0,0.18,-0.035932033983008496
cv56dw3,0,0,95,6417,6417,1,2200789,23034,1,0,0.12248178812790732,0.06844758793408313,0.0196078431372549,0.0,0.03178373950440304
cv5bb0k,4,1,73,15300,8883,0,2191906,37239,1,0,0.01756892910426073,0.07136222910216719,0.026666666666666665,0.18,-0.029194357791943584
cv5g4gm,-1,2,31,23580,8280,4,2183626,23034,1,0,-0.026014452473596412,0.09928710820821217,0.0,0.0,0.05623195682189029
cv60xw3,0,3,22,74993,51413,-1,2132213,481,1,0,0.06824567771772741,-0.041609635915685735,0.0,0.039999999999999994,0.020421607378129106
cv617tg,2,4,1,75410,417,0,2131796,23034,1,0,-0.16887159533073928,,,-0.8,-0.10505836575875487
cv6hmyq,1,5,49,103479,28069,2,2103727,481,1,0,0.22332784045295137,0.006135722174499938,0.017543859649122806,0.039999999999999994,0.06773144040224786
cv6u3vf,1,6,73,142920,39441,1,2064286,23034,1,0,0.21028691738941727,0.03257261753389367,0.037037037037037035,0.0,0.05932519588508074
cv5k8dx,2,3,135,31696,8116,-1,2175510,76,1,0,0.009058583298127025,-0.013291213291213287,0.020408163265306124,0.019999999999999997,0.010315448528376264
cv5r09y,-1,4,80,56908,25212,2,2150302,23034,1,0,0.011039118954974997,-0.03273903558263749,0.0,0.0,-0.00505836575875486
cv5ahxw,5,1,20,13809,7392,0,2193401,16339,1,0,0.10978651237031124,-0.05569620253164557,0.0,0.28,-0.10363128491620112
cv5g4xm,0,2,16,23602,9793,5,2183608,23034,1,0,0.24630697609783217,-0.07718348002708193,0.0,-0.2,0.019941634241245135
