comment_id,score,depth,length,time_since_submission,time_since_parent,parent_score,age,karma,submission_score,urls,alignment_content,alignment_syntax_3,alignment_syntax_4,alignment_features_binary,alignment_features_frequency
cv59abe,2,0,27,985,985,0,2195647,33149,0,0,0.6014888730498139,0.37907085772849675,0.42836538461538465,-0.07500000000000002,-0.011594202898550732
cv5a4z2,1,1,7,2575,1590,2,2194057,14645,0,0,0.12523497967885236,0.20536139883632074,0.0,-0.6874999999999999,-0.11659192825112108
cv5bldy,1,2,12,5254,2679,1,2191378,13638,0,0,0.11046362704918032,0.009610876699484319,0.0,0.18750000000000006,-0.03776041666666667
cv6acar,1,3,28,79075,73821,1,2117557,14645,0,0,0.12523497967885236,-0.05771974215417101,0.0,0.3125,-0.08087764253683537
cv5enrn,4,2,4,10433,7858,1,2186199,33149,0,0,-0.26372059871703496,-0.08225122384674925,0.0,-0.7000000000000001,-0.12270531400966184
cv6a2i7,1,3,17,78627,68194,4,2118005,14645,0,0,0.20789099290381446,0.03091187219021923,0.06328125,-0.3125,0.11870218939593774
cv5ekva,2,0,56,10304,10304,0,2186328,704,0,0,0.02878812908742844,-0.07306066924244968,0.016875,0.0875,-0.03808535862477773
cv5ca4s,1,0,181,6462,6462,0,2190170,1579,0,0,0.13630132797811187,0.02016378607259768,0.019852941176470587,0.23750000000000002,0.011647921263664027
cv6ie67,1,1,42,94522,88060,1,2102110,14645,0,0,0.03741296562733008,0.019220042212874155,0.022010869565217393,0.1875,0.02626521460602177
cv6izm6,1,2,101,95790,1268,1,2100842,1579,0,0,-0.015630131810381274,-0.001897696748378815,0.009121621621621622,0.23750000000000002,0.03309094954439264
cv69zg7,1,1,10,78490,53183,1,2118142,14645,0,0,-0.10310225685510549,-0.09120279646205179,0.0,-0.3125,-0.11659192825112108
