comment_id,score,depth,length,time_since_submission,time_since_parent,parent_score,age,karma,submission_score,urls,alignment_content,alignment_syntax_3,alignment_syntax_4,alignment_features_binary,alignment_features_frequency
cv5paso,7,0,101,30083,30083,9,2156511,11863,9,0,-0.032236092915954646,0.06214644877435577,0.041666666666666664,0.3714285714285714,-0.023473870565864544
cv7k2i0,3,1,11,177567,147484,7,2009027,5838,9,0,0.18923933209647498,0.1844231699730421,0.1111111111111111,-0.3714285714285714,0.2286501377410468
cv5lqmn,2,0,56,15460,15460,9,2171134,9117,9,0,-0.0684159378036929,-0.07957302734057561,0.014705882352941176,0.24285714285714283,-0.05912698412698414
cv5qtu9,2,0,8,35787,35787,9,2150807,13970,9,2,-0.1808390022675737,-0.08585317991258588,0.0,-0.47142857142857153,-0.1111111111111111
cv5tj36,1,0,14,42487,42487,9,2144107,8151,9,1,0.1992083590474771,0.08333333333333337,0.0,-0.17142857142857146,-0.02589502954466459
cv626wz,1,0,2,56332,56332,9,2130262,84760,9,0,-0.28531215441841756,-0.10450843856957391,,-0.7142857142857143,-0.13793103448275862
cv5xjiw,0,0,22,49287,49287,9,2137307,1,9,0,-0.012889366272824911,-0.08206441735853498,0.03846153846153846,0.07142857142857142,-0.046650717703349276
cv5y1mb,0,0,22,50057,50057,9,2136542,1,9,0,-0.012889366272824911,-0.08206441735853498,0.03846153846153846,0.07142857142857142,-0.046650717703349276
cv5iou5,-2,0,2,7686,7686,9,2178913,478,9,0,0.5150060024009604,-0.11561561561561563,,-0.1285714285714286,-0.0392156862745098
cv5lm2n,2,1,13,15059,7373,-2,2171540,9117,9,0,0.08144950287807429,0.1153108197171845,0.08333333333333333,-0.3285714285714286,-0.13055555555555556
cv5tfkb,-1,0,5,42289,42289,9,2144310,77374,9,0,-0.31952927156263955,-0.12012744451768846,0.0,-0.8428571428571429,-0.13138686131386862
