comment_id,score,depth,length,time_since_submission,time_since_parent,parent_score,age,karma,submission_score,urls,alignment_content,alignment_syntax_3,alignment_syntax_4,alignment_features_binary,alignment_features_frequency
cv5jtj8,5,0,24,336,336,0,2176445,3661,0,0,0.27423057028320186,0.020664409397368484,0.0,-0.016666666666666663,0.012559808612440188
cv5r9ln,6,0,119,27299,27299,0,2149482,1508,0,0,0.014082545416946885,0.02243623891815178,0.014598540145985401,0.26666666666666666,0.02519046529117483
cv5wv3m,1,1,21,38441,11142,6,2138340,6584,0,0,0.09691119691119693,0.0157522218083125,0.0,0.08333333333333333,0.024908424908424903
cv62pkp,1,2,7,47321,8880,1,2129460,1508,0,0,-0.1542117993479861,-0.059127630310024826,0.0,-0.4000000000000001,0.016787103946637016
cv5rf9f,3,0,22,27753,27753,0,2149028,519,0,0,0.1992929224849425,0.14214657193251326,0.09090909090909091,-0.25000000000000006,0.04216730900022672
cv5l5wa,4,0,110,3906,3906,0,2172875,13581,0,0,0.07483327483327484,0.07482544262412734,0.025641025641025644,0.13333333333333333,-0.002453102453102457
cv5kny1,3,0,23,2476,2476,0,2174305,11180,0,0,0.06948399806456072,0.0016439234317098303,0.03333333333333333,0.01666666666666668,0.0024936061381074237
cv5ri3u,2,0,109,27977,27977,0,2148804,27996,0,0,0.056809793011753255,-0.030858419799308284,0.0,0.13333333333333333,-0.001400179724561662
cv6b698,1,0,69,60689,60689,0,2116092,6822,0,0,0.04293835551179851,-0.05493556051551587,0.0,0.4000000000000001,0.0018279148713931381
cv5pg8e,0,0,97,20956,20956,0,2155825,6911,0,0,0.13050292560601837,-0.03789836347975882,0.0,0.31666666666666665,0.04245968807824478
cv64wrz,-2,0,60,50710,50710,0,2126071,33822,0,0,0.026530612244897944,0.07754343239979357,0.057971014492753624,0.16666666666666666,-0.012585034013605445
