comment_id,score,depth,length,time_since_submission,time_since_parent,parent_score,age,karma,submission_score,urls,alignment_content,alignment_syntax_3,alignment_syntax_4,alignment_features_binary,alignment_features_frequency
cv64b0h,6,0,121,1548,1548,7,2126767,33149,7,0,0.15114413768095367,0.0209512049711688,0.13217391304347825,0.17499999999999996,-0.015267297480736214
cv63i3j,8,0,105,310,310,7,2128005,23317,7,0,0.17276465565217206,0.04806221914138551,0.06062678062678063,0.23750000000000002,-0.012047937214975074
cv63p61,-1,1,31,610,300,8,2127705,4105,7,0,0.21563951789259408,0.013873538639275197,0.02738738738738739,-0.125,-0.03396871945259042
cv63x1z,12,2,66,947,337,-1,2127368,23317,7,2,0.012493311875673582,-0.03739511416746375,0.05264069264069264,0.23750000000000002,-0.044948370115407976
cv6gfj9,1,0,531,22416,22416,7,2105899,2152,7,0,0.2023694970091687,0.05788279811377097,0.03587020648967552,0.07500000000000001,0.041926989073016174
cv6rwt6,1,0,205,54031,54031,7,2074284,21440,7,0,0.20483469605403484,0.0434374949350881,0.04723163841807909,0.2875,-0.028006728343145507
cv6vc6t,1,1,21,68592,14561,1,2059723,4105,7,0,0.16258869995983394,-0.10172491035428136,0.0,-0.125,-0.050865800865800864
cv642rz,0,0,57,1189,1189,7,2127126,27996,7,0,0.1999595423756536,0.07912417030921158,0.07111111111111111,0.16250000000000003,-0.007033529153179091
cv6q7ur,1,1,57,46703,45514,0,2081612,3704,7,0,0.020157699959653278,-0.0415275493219358,0.0,0.07499999999999998,0.04419703103913629
cv6k166,0,0,12,30022,30022,7,2098293,635,7,0,-0.046900852742777124,-0.09408998903601258,0.0,0.0,-0.055555555555555566
cv6kb5v,1,1,12,30631,609,0,2097688,4105,7,0,0.5572867853795691,-0.0050293523911177735,0.0,-0.5,-0.09848484848484848
cv6c7ru,-1,0,25,14281,14281,7,2114038,4094,7,0,0.14405712222712502,0.1669569833607062,0.038974358974358976,0.1125,0.03050583657587548
cv6e0tw,1,1,7,17624,3343,-1,2110695,4105,7,0,0.031022671486588934,0.12324026531511964,0.1688888888888889,-0.37499999999999994,-0.09848484848484848
cv6e607,2,1,13,17907,3626,-1,2110412,7493,7,0,0.13066405360920574,0.2655884307117675,0.08444444444444445,-0.1,0.1129444573553335
