comment_id,score,depth,length,time_since_submission,time_since_parent,parent_score,age,karma,submission_score,urls,alignment_content,alignment_syntax_3,alignment_syntax_4,alignment_features_binary,alignment_features_frequency
cv6bpiq,6,0,77,2289,2289,0,2114790,6822,0,2,0.328668185811043,0.3728076431968658,0.4263565891472868,0.29999999999999993,0.0027690027690027708
cv6dk4m,6,0,52,5659,5659,0,2111420,14452,0,0,0.11688782915198012,0.0703021090632719,0.036375661375661374,0.23750000000000004,0.05986937590711175
cv6doki,4,0,64,5883,5883,0,2111196,88725,0,0,0.10933524173027995,-0.06189666520403686,0.014345331246739696,0.475,0.009780534351145037
cv72wd8,0,1,73,74684,68801,4,2042395,8297,0,0,0.11118504624936526,-0.061260951688544736,0.025148605395518976,0.07499999999999998,0.006251660152544289
cv6e3he,2,0,30,6671,6671,0,2110408,-41,0,2,-0.007215007215007167,-0.04280389421898858,0.0,0.3999999999999999,0.024242424242424232
cv6aus8,4,0,59,835,835,0,2116244,55073,0,0,-0.08576988069025553,-0.03302378999179656,0.0,0.3375,-0.005223001689794657
cv6b2zt,1,1,108,1220,385,4,2115863,2159,0,0,-0.09139009139009135,-0.05334300919206578,0.0,0.2875,0.024915824915824905
cv6b7td,1,2,81,1443,223,1,2115640,55073,0,0,0.052483788636860124,0.07725786163522014,0.0572201414898044,0.3375,0.011935399649397632
cv6buz6,1,3,74,2555,1112,1,2114528,2159,0,0,0.04446004446004447,0.02550911551628055,0.026115859449192782,0.2875,0.02616707616707617
cv6dx0h,1,4,16,6322,3767,1,2110761,55073,0,0,-0.16521903323262854,-0.10890566037735849,0.0,-0.037500000000000006,0.0011329305135951706
cv6brvz,2,0,53,2405,2405,0,2114678,435,0,0,-0.03488339164394743,-0.022542155236247405,0.0,0.15000000000000002,-0.04200681191544575
