comment_id,score,depth,length,time_since_submission,time_since_parent,parent_score,age,karma,submission_score,urls,alignment_content,alignment_syntax_3,alignment_syntax_4,alignment_features_binary,alignment_features_frequency
cv6qrp2,14,0,251,1357,1357,0,2079235,87807,0,2,0.19877641293678464,0.06825265197450293,0.20339604482229198,0.3125,-0.0023347065424502433
cv6qy6f,-8,1,147,2142,785,14,2078450,135,0,0,0.2978232599475911,0.02888137978780876,0.024698091156992598,0.36249999999999993,-0.0041169205434335165
cv6r7ff,4,2,21,3246,1104,-8,2077350,87807,0,0,-0.03615686980526304,-0.10941046813830298,0.0456377771379211,0.1875,-0.04653884238005221
cv6w0jc,7,2,143,23319,21177,-8,2057277,31039,0,0,0.07480812694426016,0.07502793548787011,0.03771265416187493,0.08749999999999998,-0.004942197556245351
cv6s3t2,6,0,136,7465,7465,0,2073131,56851,0,0,0.40534599490020223,0.2964201874031563,0.3115146336252937,0.2375,0.00903455552624638
cv6rlum,7,0,70,5055,5055,0,2075541,21440,0,0,0.3678160919540231,0.21535892491501485,0.1749448123620309,0.2875,0.02216748768472905
cv6t691,2,0,11,12642,12642,0,2067954,9744,0,0,0.262937062937063,-0.07322846551301625,0.09542444310656231,-0.17500000000000004,-0.14153846153846153
cv7457r,1,0,31,40559,40559,0,2040037,20727,0,0,-0.04689440173311135,-0.026326260946727697,0.03386028626361889,0.049999999999999975,-0.09796306570500118
cv74yod,1,0,24,42071,42071,0,2038525,19379,0,0,0.06369165023011185,0.1075925513507958,0.0,0.14999999999999997,-0.008136094674556227
cv7sd07,1,0,23,99693,99693,0,1980903,4094,0,0,0.4514182597417246,0.2745725513337529,0.08397350993377484,0.23750000000000002,0.08441888005413635
cv8e0rs,1,0,39,142551,142551,0,1938045,235,0,0,0.14996834441278895,0.16965814254952144,0.0617452278924815,0.30000000000000004,0.0047483380816714105
cv6u3zc,0,0,57,16812,16812,0,2063784,56544,0,0,0.11695906432748535,-0.05007744733581166,0.0,0.16249999999999998,-0.012531328320802004
cv6vh11,-1,0,95,21481,21481,0,2059115,145,0,0,0.12182468419517735,0.016317394904033646,0.05355453439654008,0.0625,-0.015416493990882713
