comment_id,score,depth,length,time_since_submission,time_since_parent,parent_score,age,karma,submission_score,urls,alignment_content,alignment_syntax_3,alignment_syntax_4,alignment_features_binary,alignment_features_frequency
cv7c63d,7,0,18,1296,1296,8,2024333,23034,8,0,0.07734358594280778,0.242423173850899,0.17647058823529413,-0.2,0.00605274535235624
cv7mejv,1,1,61,22539,21243,7,2003090,6847,8,0,0.13983451077186196,0.14015174203853453,0.06451612903225806,0.2,0.05792122984830965
cv7c7g9,1,1,2,1368,72,7,2024261,25060,8,0,0.466103896103896,-0.13488247863247863,,-0.07500000000000001,-0.10909090909090909
cv7meu9,1,2,22,22557,21189,1,2003072,4094,8,0,0.03651776239324876,0.020967314487632522,0.0,-0.012499999999999997,0.0014149274849663968
cv7dirc,2,2,21,3926,2558,1,2021703,23034,8,0,0.0003594589586807216,0.028956990276019726,0.04545454545454546,-0.325,0.0854178247174356
cv7d5xl,5,2,35,3230,1862,1,2022399,47433,8,0,0.012438143398952488,0.036179842035367296,0.02702702702702703,0.35,0.11150442477876107
cv7dcsw,5,3,11,3603,373,5,2022026,37029,8,0,0.20995670995670992,0.113796768707483,0.0,0.18750000000000008,0.010101010101010097
cv8lssl,2,5,15,101042,20548,1,1924587,56544,8,0,-0.04723236663086286,0.16365740740740742,0.0,-0.08750000000000001,0.0506265664160401
cv7oolt,3,4,24,28617,25014,5,1997012,822,8,0,-0.052845036319612605,-0.04301606396422671,0.0,0.012499999999999983,0.015819209039548005
cv7dj48,7,4,36,3947,344,5,2021682,47433,8,0,-0.03815142576204522,0.13308225431606907,0.07692307692307693,0.225,0.022615535889872168
cv7f4kx,4,1,29,7186,5890,7,2018443,26191,8,0,0.21580159397653087,0.1911355471791605,0.06060606060606061,0.2125,0.0829828987945052
cv7lqxu,2,2,31,21046,13860,4,2004583,232,8,0,0.15975164692419508,0.03305187459599222,0.0,0.1125,-0.003518077505953676
cv7op4t,2,0,12,28663,28663,8,1996966,822,8,0,-0.05284503631961263,-0.040018675550171606,0.0,-0.48749999999999993,0.015819209039548005
cv7zxnj,2,1,6,66566,37903,2,1959063,25060,8,0,-0.22675324675324676,-0.13488247863247863,0.0,-0.075,-0.10909090909090909
cv7f7pj,0,0,11,7363,7363,8,2018266,23226,8,0,0.21335485323924638,0.0013488247863247826,0.0,-0.37499999999999994,-0.11175337186897881
cv7fhnv,1,1,8,7932,569,0,2017697,25060,8,0,0.2928896103896103,0.12813835470085472,0.14285714285714288,0.425,0.015909090909090914
cv7l6as,3,1,17,19756,12393,0,2005873,21694,8,0,-0.12498599439775912,-0.02864773696393761,0.0,0.0875,-0.06710239651416121
