comment_id,score,depth,length,time_since_submission,time_since_parent,parent_score,age,karma,submission_score,urls,alignment_content,alignment_syntax_3,alignment_syntax_4,alignment_features_binary,alignment_features_frequency
cv7uw8j,3,0,39,2581,2581,3,1970724,1579,3,0,0.20356444612888755,-0.05711211756141242,0.0,0.11250000000000002,-0.01285979937665331
cv7xpst,7,0,404,10448,10448,3,1962857,41112,3,0,0.32339581744711776,0.3853081752237582,0.4343685125960838,0.2875,0.00696641829131367
cv85zql,3,1,398,23514,13066,7,1949795,123,3,0,0.15667544853503254,0.03458286510064667,0.08786671286671287,0.21250000000000002,-0.011585358212508931
cv8wjuv,2,2,587,82434,58920,3,1890879,41112,3,0,-0.010444355827650409,0.03639374856094916,0.054808186164118367,0.2875,0.008206150441700782
cv7u5rc,2,0,35,264,264,3,1973049,10651,3,0,0.0927024881613883,0.20125793461989258,0.15936609686609685,0.24999999999999997,-0.05686365751512331
cv7xfik,2,0,88,9895,9895,3,1963418,1367,3,0,0.005548237387792111,0.018143899895724704,0.060391363022941964,0.0875,0.014070146818923324
cv8060n,2,0,247,14784,14784,3,1958533,11974,3,0,0.042086297866549494,-0.039540634717280955,0.06901870059764798,0.13749999999999998,0.03326647223623708
cv84r0g,3,1,102,21683,6899,2,1951634,123,3,0,0.12096488881602226,0.061926866200081254,0.12517482517482517,0.21250000000000002,0.04679477776147867
cv85lfd,1,2,204,22941,1258,3,1950376,11974,3,0,0.10433034290061455,-0.04587650110653049,0.0593501326259947,0.13749999999999998,0.019235353715954445
cv864bl,1,3,136,23704,763,1,1949613,123,3,0,-0.028040301495396457,0.00020716944388812783,0.07499581028992794,0.21250000000000002,0.0026771307026551283
cv7yv2y,1,0,490,12539,12539,3,1960778,47914,3,1,0.25631967072543305,0.10165512675024035,0.1522108843537415,0.25,-0.007871720116618075
cvaaqjo,1,1,21,185177,172638,1,1788144,7496,3,0,-0.01889483065953646,-0.07801742158942276,0.0,0.4250000000000001,0.08744588744588744
cv7us3z,0,0,78,2219,2219,3,1971102,145,3,0,0.1594072516953481,-0.07033107933279832,0.02699849170437406,0.0625,-0.013527155259438733
cv7u8ft,-1,0,19,498,498,3,1972823,27996,3,0,-0.051020120312841664,-0.23758408472878198,0.0,-0.08749999999999998,0.13331734803980336
