comment_id,score,depth,length,time_since_submission,time_since_parent,parent_score,age,karma,submission_score,urls,alignment_content,alignment_syntax_3,alignment_syntax_4,alignment_features_binary,alignment_features_frequency
cv81k39,9,0,91,1684,1684,1,1956299,2153,1,0,0.01647981647981648,0.0,0.0,0.35000000000000003,0.010656010656010656
cv99p9j,-1,1,9,91558,89874,9,1866425,658,1,0,0.30387033250018936,-0.02190580503833516,0.0,-0.25,-0.09202453987730061
cv82yjf,1,1,100,3751,2067,9,1954232,11374,1,0,-0.012761055369751024,-0.023161551823972205,0.0,0.225,0.01959866220735787
cv8443r,7,2,92,5379,1628,1,1952604,2153,1,0,0.015802957107304928,0.0,0.0,0.35000000000000003,0.009222661396574433
cv85bgn,2,3,56,7231,1852,7,1950752,11374,1,0,-0.016808674417370065,0.0071414784790580985,0.0,0.225,0.07602723363592928
cv860d0,7,0,408,8227,8227,1,1949756,20209,1,0,-0.020066419002589216,-0.006150723808391024,0.0037713378324732037,0.024999999999999994,-0.0045890696704213585
cv96nvb,1,1,126,86911,78684,7,1871072,97715,1,1,0.01825013419216318,-0.01082251082251082,0.0,0.475,0.033816425120772944
cv83i2v,6,0,92,4527,4527,1,1953456,12338,1,0,0.053129759418911564,0.04784453875362966,0.01744719926538108,0.375,0.0031321714321156102
cv8iobo,5,1,12,28298,23771,6,1929685,56544,1,0,0.06509328877749931,-0.006313131313131313,0.0,-0.2,-0.08270676691729323
cv8rcgy,3,2,16,45457,17159,5,1912526,8126,1,0,0.17056607080266387,0.0,0.0,0.37500000000000006,0.008280757097791802
cv8xjuq,4,3,35,70328,24871,3,1887655,12338,1,0,0.03787786155831804,-0.006700915791824883,0.0,0.375,0.03729366211534542
cv977p7,1,4,76,87765,17437,4,1870218,97715,1,0,0.08768297555482911,0.01031913822611497,0.0,0.475,-0.001062438705459301
cv8j25d,5,0,91,28961,28961,1,1929022,56544,1,0,0.011470985155195691,-0.006313131313131313,0.0,0.04999999999999999,0.07113938692886063
cv80u2r,3,0,185,558,558,1,1957425,11974,1,0,-0.008917123810740835,-0.011828320378506254,0.0,0.07499999999999998,0.034842136969796544
cv80ms8,-2,0,47,238,238,1,1957745,18457,1,0,-0.005881335409098778,0.0,0.0,0.4,0.014919564089257917
