comment_id,score,depth,length,time_since_submission,time_since_parent,parent_score,age,karma,submission_score,urls,alignment_content,alignment_syntax_3,alignment_syntax_4,alignment_features_binary,alignment_features_frequency
cv8abb7,7,0,61,9478,9478,4,1943492,4096,4,0,0.16393442622950816,0.005724493133815264,0.03145377828922133,0.16249999999999998,-0.040268627751391645
cv95wzq,2,1,115,80747,71269,7,1872223,97715,4,0,-0.07267080745341614,-0.12098478444632288,0.04023157688156217,0.5,0.045962732919254665
cv9b0u4,1,2,25,88560,7813,2,1864410,4096,4,0,-0.13999999999999985,0.029962278565630527,0.0,0.03749999999999999,-0.05862928348909656
cvatx8b,1,3,24,194709,106149,1,1758261,3704,4,0,-0.08653846153846158,-0.0019757639620653186,0.04512933406714364,0.2,-0.01282051282051283
cv8fzco,6,0,15,18550,18550,4,1934420,20951,4,1,0.39019607843137266,-0.04458041958041955,0.0,0.2625,-0.050980392156862744
cv8722t,2,0,42,4725,4725,4,1948249,13726,4,0,0.07211101000909925,-0.04170967154392572,0.021624472573839662,0.2,-0.04488929329693661
cv8hrmb,2,0,56,21715,21715,4,1931259,1114,4,0,0.2436103588354772,0.18112067443961083,0.17015978418759078,0.33749999999999997,0.021834800270819216
cv961fw,1,1,12,80940,59225,2,1872034,97715,4,0,-0.19332298136645956,-0.15796703296703288,0.0,0.0,-0.009834368530020704
cv8l49v,2,0,34,27392,27392,4,1925582,922,4,0,0.2743724241288871,-0.024201988487702792,0.0,-0.0875,-0.02768827276133383
cvau64r,1,1,27,195170,157206,2,1757804,3704,4,0,0.3162393162393161,-0.07142020840650981,0.03992210321324245,0.075,0.014957264957264946
cv948t1,2,0,1,78135,78135,4,1874839,30743,4,0,-0.5059171597633135,,,-0.6625,-0.10650887573964497
