comment_id,score,depth,length,time_since_submission,time_since_parent,parent_score,age,karma,submission_score,urls,alignment_content,alignment_syntax_3,alignment_syntax_4,alignment_features_binary,alignment_features_frequency
cva3t93,16,0,24,1379,1379,0,1799776,19327,0,0,0.12792272597661822,-0.019178082191780823,0.0,0.049999999999999975,-0.012475049900199611
cva80ir,1,1,6,9618,8239,16,1791537,5039,0,0,-0.00808213193534298,0.12576687116564417,0.0,-0.23750000000000007,0.02446483180428133
cva81r2,1,2,9,9673,55,1,1791482,19327,0,0,-0.18041060735671513,-0.01917808219178082,0.0,-0.2,0.015302727877578165
cva3v3j,8,0,55,1507,1507,0,1799648,10418,0,1,0.0912987012987013,0.020965517241379312,0.052631578947368425,0.31250000000000006,-0.004545454545454547
cva40tu,7,0,16,1902,1902,0,1799253,14676,0,0,0.06249999999999998,-0.04444444444444445,0.0,0.13749999999999998,-0.0320945945945946
cva5bly,3,1,14,4800,2898,7,1796355,3704,0,0,-0.021781789638932483,-0.0273972602739726,0.0,0.2,-0.024725274725274735
cva3f5b,3,0,27,340,340,0,1800815,133804,0,1,0.06809781537575234,-0.04639175257731959,0.0,0.1375,-0.03194311790300329
cva5by7,1,0,35,4819,4819,0,1796336,9744,0,0,0.11105808477237054,-0.0561009817671809,0.0,0.075,-0.0843956043956044
cva77xe,1,1,55,8316,3497,1,1792839,60813,0,0,-0.006218487394957996,0.016700708879009978,0.017543859649122806,0.38749999999999996,-0.019585561497326195
cva5nat,1,0,50,5460,5460,0,1795700,23317,0,0,0.05594145720649063,-0.004661234676649785,0.017857142857142856,0.23750000000000002,-0.055857461024498886
cva64nj,1,0,59,6392,6392,0,1794768,56361,0,0,0.014711354657831029,-0.0353954081632653,0.0,0.6375,0.002854594112399647
cva813g,1,0,66,9645,9645,0,1791515,1508,0,0,0.10644971111897183,-0.00048153183775209593,0.0,0.2875,0.025445112604645687
cva8x27,1,0,28,11090,11090,0,1790070,589,0,0,0.34655631600136266,0.027643203191792535,0.0,0.15,0.021461088228918263
cva3z51,0,0,33,1784,1784,0,1799376,17829,0,0,-0.03603896103896103,-0.029715579453799355,0.0,0.25,0.04924242424242424
