comment_id,score,depth,length,time_since_submission,time_since_parent,parent_score,age,karma,submission_score,urls,alignment_content,alignment_syntax_3,alignment_syntax_4,alignment_features_binary,alignment_features_frequency
cvahv08,2,0,27,182,182,0,1776469,23317,0,0,0.4614802396906762,-0.07436039706496925,0.13302346170872067,0.11250000000000002,-0.06178338695042482
cvai10r,1,1,76,435,253,2,1776216,928,0,0,0.2808337122054,0.003302309319340114,0.16670028745776388,0.17499999999999996,0.001245717844908123
cvajb0v,1,0,82,2234,2234,0,1774420,23622,0,0,0.29407683554609354,0.06715516560847157,0.24198948885309823,0.12499999999999999,-0.028066982162358936
cvak142,1,1,103,3274,1040,1,1773380,928,0,0,-0.06769323982286021,0.06824666290089965,0.26604692341744135,0.17499999999999996,0.0021399437008099986
cvakimg,1,2,200,3984,710,1,1772670,23622,0,0,0.2438890147958689,0.15907261450436921,0.21668980187845902,0.12499999999999999,-0.0034328358208955273
cvalosr,1,3,58,5684,1700,1,1770970,928,0,0,0.22042294259306003,-0.12235925056923912,0.14965139442231076,0.17499999999999996,-0.022801469087941242
cvaljp2,1,3,121,5477,1493,1,1771177,928,0,0,0.013110973185605657,-0.18986090384272003,0.07807898839424911,0.049999999999999975,-0.05258203335126413
cvami4h,2,4,160,6875,1398,1,1769779,23622,0,0,0.12284780004532656,0.08181939652785636,0.17586152564881719,0.12499999999999999,-0.025932835820895533
cvanswi,1,5,182,8881,2006,2,1767773,928,0,0,0.06906409125664939,0.03216757264435071,0.23694804116865872,0.17499999999999996,-0.02810650887573965
cvaqjjc,1,0,26,13439,13439,0,1763215,18457,0,0,0.07380561875033062,-0.4466480224323871,0.0,0.22500000000000003,-0.014540337711069412
cvaqqb0,1,1,6,13770,331,1,1762884,928,0,0,0.20651015928839997,-0.7925542366416609,0.0,-0.5750000000000001,-0.14349112426035504
