comment_id,score,depth,length,time_since_submission,time_since_parent,parent_score,age,karma,submission_score,urls,alignment_content,alignment_syntax_3,alignment_syntax_4,alignment_features_binary,alignment_features_frequency
cvb35ci,6,0,14,7216,7216,0,1738175,21440,0,0,0.0566502463054187,-0.009090909090909089,0.0,0.11666666666666668,0.09359605911330048
cvb9w0z,0,1,9,32943,25727,6,1712448,2973,0,0,-0.1272727272727273,-0.02079002079002079,0.0,-0.4166666666666667,-0.09090909090909091
cvb5cpf,2,1,2,15435,8219,6,1729956,315,0,0,-0.14615384615384616,,,-0.6166666666666666,-0.1423076923076923
cvb14v7,6,0,25,1908,1908,0,1743486,12221,0,0,0.003076923076923075,-0.0196078431372549,0.0,0.5499999999999999,0.033846153846153845
cvb8av7,-4,1,10,28476,26568,6,1716918,23034,0,0,-0.051750972762645904,-0.025727826675693972,0.0,-0.6333333333333333,-0.10505836575875487
cvbbk3m,2,2,25,36380,7904,-4,1709014,12221,0,0,0.08307692307692309,-0.019607843137254898,0.0,0.7166666666666667,0.033846153846153845
cvbpiwj,0,3,91,57035,20655,2,1688359,23034,0,0,-0.030871851883525037,-0.025727826675693975,0.0,0.033333333333333326,-0.028135288835677938
cvbf914,0,3,161,42313,5933,2,1703081,16552,0,0,0.11508951406649617,0.026670238004132547,0.0056179775280898875,0.6,0.03713006941907197
cvb5djq,2,1,31,15538,13630,6,1729856,315,0,0,-0.017121588089330026,-0.0072202166064981935,0.0,0.04999999999999999,0.051240694789081886
cvbtj7b,-1,2,84,62603,47065,2,1682791,4094,0,0,-0.064526588845655,0.017971807439492383,0.0,0.3833333333333333,0.053362979433018334
cvb8h2p,2,2,25,29029,13491,2,1716365,69014,0,0,0.03125748502994013,0.011346511834057264,0.0,0.2833333333333334,0.005149700598802404
