comment_id,score,depth,length,time_since_submission,time_since_parent,parent_score,age,karma,submission_score,urls,alignment_content,alignment_syntax_3,alignment_syntax_4,alignment_features_binary,alignment_features_frequency
cvb9ycl,3,0,7,17999,17999,1,1712269,11974,1,0,0.43337582115893714,0.13784851301115247,0.0,-0.14285714285714285,0.15298885511651467
cvb8hvi,5,0,22,13996,13996,1,1716272,515,1,0,0.0690581016566207,0.16025,0.047348484848484855,0.15714285714285717,-0.04101703046294075
cvbeoln,0,1,209,26358,12362,5,1703910,14974,1,0,0.05675827166310591,-0.03150379465259301,0.00502815768302494,0.14285714285714285,0.014857718458826497
cvb9xwd,3,1,19,17967,3971,5,1712301,96235,1,0,0.15405816594271604,0.13134604439385314,0.05681818181818182,-0.17142857142857146,0.1592617908407382
cvb87mz,4,0,7,13073,13073,1,1717195,47433,1,0,0.1861465682476245,-0.030478087649402394,0.0,0.07142857142857147,0.05436156763590391
cvbed6o,2,0,5,25877,25877,1,1704391,11835,1,0,0.4622119815668202,-0.029882812499999998,0.0,-0.19999999999999998,0.2968253968253969
cvb5wgo,3,0,14,2905,2905,1,1727363,57428,1,0,0.1503581144855921,0.35587912087912094,0.18939393939393942,0.18571428571428572,0.022375215146299476
cvb6ci7,4,1,21,5077,2172,3,1725191,50361,1,0,0.03802325357191061,-0.052904564315352696,0.0,0.1285714285714286,-0.10460251046025104
cvb6o5b,3,0,182,6618,6618,1,1723650,21440,1,0,0.15398061337994595,-0.018909527972027967,0.0,0.2857142857142857,0.00018946570670708152
cvbeslc,0,1,20,26528,19910,3,1703740,14974,1,0,0.27480117951925653,-0.018304455445544553,0.0,-0.14285714285714285,-0.01911357340720221
cvbmeqd,1,2,33,37544,11016,0,1692724,21440,1,0,0.050712913338052376,0.07239234449760765,0.0,0.2857142857142857,0.03082549634273772
cvbn34n,1,3,39,38522,978,1,1691746,14974,1,0,-0.0921963390911653,-0.05753522467631379,0.0,-0.2857142857142857,0.009091554797925977
cvbn9o3,1,4,78,38780,258,1,1691488,21440,1,0,0.07563959955506118,-0.018840653728294188,0.0,0.2857142857142857,0.020335985853227226
