comment_id,score,depth,length,time_since_submission,time_since_parent,parent_score,age,karma,submission_score,urls,alignment_content,alignment_syntax_3,alignment_syntax_4,alignment_features_binary,alignment_features_frequency
cvbjeb3,4,0,11,7461,7461,0,1696978,15780,0,0,0.25651859504132235,-0.11784511784511782,0.0,-0.28571428571428575,-0.0490909090909091
cvbjkn4,2,1,20,7715,254,4,1696724,14665,0,0,5.866519391485203e-17,0.11187045277954373,0.09616273693943596,0.18571428571428575,-0.0857142857142857
cvbka98,1,0,55,8741,8741,0,1695698,69014,0,0,0.4877740386994605,0.33730622419568446,0.35828374569370497,0.15714285714285717,0.05242242787152966
cvble1j,1,1,58,10298,1557,1,1694141,14665,0,0,0.06316614420062701,0.01223776223776224,0.040934138021516665,0.4714285714285714,-0.0667487684729064
cvbedyh,0,0,35,132,132,0,1704307,14676,0,0,0.15940680940680937,-0.04938271604938271,0.0,0.32857142857142857,0.019691119691119682
cvben43,1,1,8,517,385,0,1703922,7284,0,0,0.4713744588744589,-0.10831721470019345,0.0,-0.5142857142857143,-0.13333333333333333
cvbesc0,-3,2,9,739,222,1,1703700,14676,0,0,0.145986895986896,0.04152637485970818,0.0,-0.24285714285714288,-0.0945945945945946
cvbg430,4,3,6,2707,1968,-3,1701732,23317,0,0,0.11507052709725318,-0.09541016863192595,0.0,-0.5142857142857142,-0.1358574610244989
cvbnr3g,1,4,9,13681,10974,4,1690758,6312,0,0,-0.08141414141414141,0.05373248896564954,0.0,0.1,0.017777777777777767
cvbo044,1,5,109,14031,350,1,1690408,23317,0,0,0.03319674338860707,-0.029122289844047154,0.007950462502866752,0.2,-0.0074170940520218165
cvbemsb,1,1,35,505,373,0,1703934,704,0,0,-0.04627364336907905,-0.008838383838383833,0.0,0.21428571428571427,-0.030942501481920584
cvber4f,3,2,30,689,184,1,1703750,14665,0,0,2.998443244536881e-17,-0.12917637917637922,0.0,0.3285714285714286,0.030952380952380953
cvbelic,4,1,37,450,318,0,1703989,14665,0,0,0.11044226044226046,-0.07984586472958563,0.0,0.4714285714285714,0.026447876447876467
