comment_id,score,depth,length,time_since_submission,time_since_parent,parent_score,age,karma,submission_score,urls,alignment_content,alignment_syntax_3,alignment_syntax_4,alignment_features_binary,alignment_features_frequency
cvbfabk,17,0,52,532,532,0,1702946,23317,0,0,0.1118746013693286,-0.049268160356362396,0.04147812971342383,0.22857142857142856,-0.0012420764091142789
cvbfuov,12,0,46,1373,1373,0,1702105,9117,0,1,0.03594086490891102,-0.00622385468158981,0.0,0.24285714285714283,-0.00012077294685991502
cvbgkfs,-1,1,26,2400,1027,12,1701078,11223,0,0,-0.01540835566593774,-0.019510323812002513,0.0,0.11428571428571425,0.01837817355058735
cvbgsu3,2,2,62,2741,341,-1,1700737,9117,0,0,-0.09079328064947964,0.020752639313912486,0.0,0.24285714285714283,0.030734767025089593
cvbj9ub,1,3,76,6326,3585,2,1697152,11223,0,0,0.04068646897676265,-0.02362658024365319,0.0,0.11428571428571425,-0.06967850661135598
cvbk9mv,2,4,169,7761,1435,1,1695717,9117,0,0,-0.012258105399903343,-0.022666402445376183,0.011292475105225337,0.24285714285714283,-0.041798159105851426
cvbkou0,1,5,70,8356,595,2,1695122,11223,0,0,-0.029972105169446327,-0.02929320299577757,0.01437908496732026,0.11428571428571425,-0.0354679802955665
cvbg4ia,8,0,20,1768,1768,0,1701710,18312,0,0,0.3413654618473897,0.307272554505032,0.3431372549019608,-0.08571428571428572,0.0
cvbfb5w,5,0,227,566,566,0,1702912,63363,0,0,2.9793919290940772e-05,-0.03169659926505551,0.020659604838103824,0.12857142857142856,0.013078083435487456
cvbubhu,2,1,48,21936,21370,5,1681546,143,0,0,0.22876741866796046,-0.038558402084237935,0.022008803521408563,-0.08571428571428573,0.048098434004474264
cvbfeyl,6,1,36,722,156,5,1702760,23317,0,0,0.050088997415049935,-0.027544956823644613,0.0,0.22857142857142856,-0.05252412769116556
cvbg9k2,0,0,17,1971,1971,0,1701511,57428,0,0,0.10468521854960593,-0.08823942015431378,0.0,-0.12857142857142856,0.055988660524450756
cvbf1ca,1,0,13,157,157,0,1703325,76455,0,0,-0.16280389178827034,-0.09344864533904791,0.0,-0.1,0.04738227551915766
cvbfkgk,1,0,16,954,954,0,1702528,9117,0,0,0.07195448460508709,0.03630379467602562,0.0,-0.18571428571428575,0.11944444444444444
cvbgttt,0,0,13,2785,2785,0,1700697,58922,0,0,0.3143838586526771,0.26453288352984383,0.0,-0.5,-0.05839802399435426
