comment_id,score,depth,length,time_since_submission,time_since_parent,parent_score,age,karma,submission_score,urls,alignment_content,alignment_syntax_3,alignment_syntax_4,alignment_features_binary,alignment_features_frequency
cvbn09x,5,0,206,608,608,2,1691580,23317,2,0,0.508845036239701,0.43457988777451106,0.5034009661835749,0.23750000000000002,-0.024206975587605678
cvboowh,6,0,14,2990,2990,2,1689198,444,2,0,0.06182063611701261,0.002646500982635998,0.0,-0.4625,-0.05693328676213763
cvbzdm5,1,1,4,19322,16332,6,1672866,3911,2,0,-0.20853415590257718,0.6169253115205262,0.3463768115942029,-0.6,-0.12393162393162394
cvbov18,2,1,2,3223,233,6,1688965,43399,2,0,0.25778732545649863,-0.1848729725015987,,-0.675,-0.11038961038961038
cvbor4c,2,1,2,3074,84,6,1689114,32025,2,1,-0.5585218105993732,-0.2456227698946144,0.0,-0.6625,-0.11902834008097166
cvbrygm,1,2,26,7482,4408,2,1684706,23317,2,0,-0.003825737034036223,0.15224000924939307,0.04156521739130435,0.11250000000000002,-0.020472845639883497
cvbolt4,5,0,19,2872,2872,2,1689316,97715,2,0,-0.09895611863919355,-0.006934812760055478,0.05195652173913043,0.25,0.012095456031382804
cvboy8m,2,0,28,3344,3344,2,1688844,43399,2,0,0.02148227712137488,0.15336692727917173,0.10391304347826087,-0.30000000000000004,0.06818181818181819
cvbs3xm,1,0,267,7701,7701,2,1684487,57428,2,0,0.16816781360467634,0.04698045728016179,0.03835716370002918,0.4625,-0.011867695501105543
cvc07z6,1,0,19,20837,20837,2,1671351,18264,2,0,0.09909993348432677,-0.02206867950797209,0.05772946859903382,0.2,-0.07236842105263158
cvbnl9o,1,0,10,1433,1433,2,1690755,130156,2,0,0.07671352293777925,0.15595137986392502,0.0,-0.18750000000000003,-0.02753623188405796
