comment_id,score,depth,length,time_since_submission,time_since_parent,parent_score,age,karma,submission_score,urls,alignment_content,alignment_syntax_3,alignment_syntax_4,alignment_features_binary,alignment_features_frequency
cvbum3t,15,0,124,2122,2122,0,1680838,33822,0,8,0.2770423365615194,0.19278906325214218,0.2,0.1875,0.023974105771340792
cvbvu0i,1,1,42,4005,1883,15,1678955,827,0,0,-0.01054441705044113,-0.06230261673810058,0.0,0.18749999999999997,-0.011763191763191766
cvbwmfc,14,2,104,5305,1300,1,1677655,33822,0,13,-0.19729546127997072,-0.032579185520362,0.014925373134328358,0.1875,-0.033097854526425954
cvc8xmq,1,3,63,27478,22173,14,1655482,827,0,0,0.23242747049975962,-0.029214381443982945,0.014925373134328358,0.18749999999999997,0.027919347919347914
cvc9sh3,2,4,105,29595,2117,1,1653365,33822,0,0,0.11950249979509876,0.01456935559369637,0.02608695652173913,0.062499999999999986,-0.014965986394557831
cvc0gn1,3,3,1,12069,6764,14,1670891,984,0,0,-0.43340931292738516,,,-0.5375,-0.13513513513513514
cvc1l82,3,4,24,14067,1998,3,1668897,69014,0,0,0.08402171560493468,-0.013553185987435535,0.04,0.18749999999999997,0.00848303393213573
cvc1nfj,1,5,12,14177,110,3,1668787,984,0,0,-0.06895148160208406,-0.09379652605459055,0.0,-0.03749999999999999,-0.051801801801801814
cvc7ngq,3,5,1,24701,10634,3,1658263,3916,0,0,-0.3738029039233859,,,-0.65,-0.14003944773175542
cvbu7vi,6,0,26,1518,1518,0,1681446,4094,0,0,-0.13308546968478527,0.00875939289252867,0.03333333333333333,-0.012499999999999997,-0.012571086501047588
cvbz8dk,2,0,44,9862,9862,0,1673102,1271,0,0,0.13922589311951636,0.02682592952397778,0.0196078431372549,0.0875,0.009106746911624955
cvc6wvd,1,0,39,23245,23245,0,1659719,9117,0,0,0.02133791576562662,-0.026971416498836876,0.0,0.03749999999999998,-0.07927350427350428
