comment_id,score,depth,length,time_since_submission,time_since_parent,parent_score,age,karma,submission_score,urls,alignment_content,alignment_syntax_3,alignment_syntax_4,alignment_features_binary,alignment_features_frequency
cvc2q8y,2,0,203,2597,2597,1,1666895,8284,1,0,0.6968014809143747,0.49515984294761184,0.5773893514380066,0.35,0.05768688527309217
cvc2x1g,1,1,5,2915,318,2,1666577,19083,1,0,-0.44965567422884106,-0.18347907722492346,0.0,-0.225,-0.11361079865016872
cvc5rb7,1,2,2,7726,4811,1,1661766,633,1,0,-0.8254332679644781,0.9877386993634703,,-0.6250000000000001,-0.08695652173913043
cvc30ha,3,2,6,3079,164,1,1666413,8284,1,0,-0.518440732962185,-0.005805666382457804,0.0,-0.2749999999999999,-0.12457912457912458
cvc1lnq,2,0,26,654,654,1,1668838,12221,1,0,0.2445290682914446,0.17455418998434497,0.12227713710415522,0.6000000000000001,0.06923076923076923
cvc2q48,1,1,47,2590,1936,2,1666902,271633,1,0,0.029368132781923212,-0.02359910802968123,0.084653402610569,0.38749999999999996,0.03818589025755878
cvc2rv1,-1,2,18,2672,82,1,1666820,22438,1,0,-0.060849247317894005,0.24372087987363567,0.06878088962108732,-0.05000000000000002,-0.04558404558404558
cvc249p,1,0,256,1550,1550,1,1667942,22438,1,0,0.5712355757477456,0.41966409524247,0.4612365539296444,0.07499999999999998,0.011273593304843316
cvc2jjx,1,1,108,2270,720,1,1667222,19083,1,0,0.2751579182415174,0.17344394386170986,0.13168307072755178,0.4,0.053055868016497934
cvc2lzg,2,2,93,2388,118,1,1667104,22438,1,0,0.10649759489320862,0.05664694109041294,0.08892882698484017,-0.175,0.0045951658854884725
cvc2eyn,1,1,67,2052,502,1,1667440,19083,1,0,0.2501719204709277,-0.052162160736701,0.06199967515140265,0.4,0.00579218642445814
cvc2i57,3,2,80,2203,151,1,1667289,22438,1,0,0.2592460955497256,-0.0299220994566621,0.035885681541436856,0.07499999999999998,-0.06919515669515669
cvc2o7e,1,0,134,2495,2495,1,1666997,271633,1,0,0.605091789618868,0.2780538166384755,0.3478981771802093,0.38749999999999996,0.037391987431264734
cvc5dp9,1,0,17,7055,7055,1,1662437,31039,1,0,-0.11560109880732937,0.10067504734112853,0.1294699098749879,-0.03750000000000002,0.0526472717979299
cvc5iqj,1,0,29,7300,7300,1,1662192,3916,1,0,0.3202552452755985,0.49892091637236513,0.1719522240527183,-0.024999999999999994,0.03237434537169287
