comment_id,score,depth,length,time_since_submission,time_since_parent,parent_score,age,karma,submission_score,urls,alignment_content,alignment_syntax_3,alignment_syntax_4,alignment_features_binary,alignment_features_frequency
cvcgvs9,6,0,28,504,504,1,1626982,23034,1,0,0.38542035137365876,0.24036947480413975,0.19219898247597508,-0.07500000000000001,0.037798777098387984
cvcgxow,1,1,18,639,135,6,1626847,25060,1,0,0.1817416590143864,0.08363858363858366,0.0,0.8,0.05757575757575757
cvch0m0,1,2,27,842,203,1,1626644,23034,1,0,-0.07052802124138051,0.0935837605184254,0.07191961924907456,-0.07500000000000001,-0.030984291684680795
cvch5ht,1,3,32,1175,333,1,1626311,25060,1,0,0.4250602617079889,0.24498010949623852,0.14863387978142076,0.675,0.07840909090909091
cvcrozo,3,1,38,18349,17845,6,1609137,15855,1,0,0.24316859174129463,0.09084229390681006,0.11433375367801599,0.13749999999999998,0.02140945584299732
cvcgxdv,2,0,82,617,617,1,1626869,14676,1,0,0.3757915343281196,-0.04012058570198104,0.0,0.38750000000000007,0.06394199077125906
cvch0m7,1,1,18,842,225,2,1626644,25060,1,0,0.7078359351086625,0.22861212861212862,0.26229508196721313,0.675,0.0020202020202020193
cvch2a3,2,2,40,958,116,1,1626528,14676,1,0,0.25337837837837845,-0.022781557067271356,0.05437824870051979,0.38750000000000007,0.005405405405405406
cvch4fi,1,3,22,1106,148,2,1626380,25060,1,0,0.5165289256198344,-0.0716902145473574,0.0,0.5499999999999999,0.07272727272727274
cvci5n0,1,0,65,3426,3426,1,1624060,97715,1,0,0.00687718079022434,0.10036630036630037,0.14477325952735787,0.5,-0.016244624940277105
cvco2mc,2,1,116,13176,9750,1,1614310,24643,1,0,-0.005780874243174185,0.07373347373347383,0.059567012889500684,0.3375,0.0006187097838640243
