comment_id,score,depth,length,time_since_submission,time_since_parent,parent_score,age,karma,submission_score,urls,alignment_content,alignment_syntax_3,alignment_syntax_4,alignment_features_binary,alignment_features_frequency
cvegk80,16,0,86,515,515,0,1488166,8284,0,0,0.6924281575444364,0.664349107924712,0.713375796178344,0.35,-0.031555868765171094
cveha9t,7,0,27,2166,2166,0,1486515,289,0,0,0.1475315493073539,0.06347962382445145,0.11394196744515216,0.5500000000000002,0.034702769996887636
cveiu3w,6,0,4,5965,5965,0,1482716,23317,0,0,-0.12671765348573336,-0.24074448131582757,0.0,-0.5125000000000001,0.11414253897550111
cvegej4,6,0,25,162,162,0,1488519,15460,0,0,0.3963839603886119,0.4333293283671751,0.43385595296423324,-0.05,0.1127634194831014
cver4iq,2,1,20,38377,38215,6,1450304,2833,0,0,0.42403913347309563,0.10375707668553782,0.0,0.24999999999999994,0.06243386243386245
cvf3hm8,3,1,69,63098,62936,6,1425583,22438,0,0,0.0968520738824267,0.041011734498524785,0.041573420554312276,-0.17500000000000002,-0.026260374086461036
cvej4s9,3,0,19,6765,6765,0,1481916,11374,0,0,0.19096425356949512,-0.03270057418970221,0.0,0.02500000000000001,0.14275655694419995
cveqmes,3,0,10,36830,36830,0,1451851,16459,0,0,0.2759982448442299,0.5677357125632988,0.6152866242038216,-0.5375,-0.12292358803986711
cvfgd1o,3,0,57,88737,88737,0,1399944,75,0,0,-0.002850896202336618,0.0171202621829581,0.048832271762208064,0.14999999999999997,0.005588243196045228
cvehvhr,2,0,9,3556,3556,0,1485125,8151,0,0,0.3340525486235442,0.1583967756381548,0.0,-0.25,-0.09732360097323602
cvehjc3,1,0,10,2755,2755,0,1485926,12196,0,0,-0.05338512763595998,0.006651712732388005,0.0,-0.4875,-0.1409313725490196
cveqz3u,1,0,4,37931,37931,0,1450750,13739,0,0,-0.03698613020117456,-0.4032913775670302,0.0,-0.27499999999999997,-0.029801324503311258
cveyoad,1,0,12,54146,54146,0,1434539,84897,0,0,0.26063864707658774,-0.09653899987275733,0.0,-0.175,0.13308977035490605
cvfie0h,1,0,169,93358,93358,0,1395327,2017,0,0,0.14765582131175187,0.011981501718113097,0.032046178343949044,0.125,0.029837592849049493
cveu5rq,0,0,11,45614,45614,0,1443071,12221,0,0,0.35345032326164405,0.784259634888438,0.5697098372257609,0.3500000000000001,0.13566433566433567
