comment_id,score,depth,length,time_since_submission,time_since_parent,parent_score,age,karma,submission_score,urls,alignment_content,alignment_syntax_3,alignment_syntax_4,alignment_features_binary,alignment_features_frequency
cvg18fn,6,0,103,1838,1838,0,1343338,3704,0,0,0.03191368325242719,-0.022352832284339128,0.009720246562351825,0.3142857142857142,-0.018483943241224807
cvg0lyk,4,0,36,846,846,0,1344334,10886,0,0,0.22005208333333331,0.030798240100565692,0.02568922305764411,0.0857142857142857,-0.04583333333333335
cvg0afn,4,0,18,353,353,0,1344827,6312,0,0,-0.05455357142857143,-0.06861784063856603,0.0,0.39999999999999997,0.017777777777777767
cvg0vwi,1,0,22,1299,1299,0,1343881,5755,0,0,0.23770401895401896,0.059175936966771286,0.0,-0.14285714285714285,-0.017199017199017202
cvgceik,1,0,25,19887,19887,0,1325293,13255,0,0,0.20760623869801084,0.14158275922981803,0.0,-0.08571428571428573,0.016925858951175404
cvgehgr,1,0,62,23855,23855,0,1321325,6847,0,0,0.04567661624949808,-0.013617785625670726,0.01634768740031898,0.18571428571428575,0.022754651318431282
cvgswub,1,0,10,65595,65595,0,1279585,-37,0,0,0.23020833333333332,0.04256756756756758,0.0,0.38571428571428573,0.004761904761904773
cvgffmn,-1,0,8,25594,25594,0,1319590,44810,0,1,0.228515625,-0.06791406791406791,0.0,-0.4428571428571428,-0.09821428571428571
cvghbr0,1,1,28,29179,3585,-1,1316005,24643,0,0,0.06560257177033492,-0.0920379839298758,0.0,0.3,-0.07450444292549557
cvgholb,-1,2,74,29867,688,1,1315317,44810,0,0,0.1173458614864865,-0.037643797643797654,0.0,0.27142857142857146,-0.03064671814671814
cvghrir,2,3,10,30028,161,-1,1315156,24643,0,0,-0.23908492822966512,-0.09203798392987582,0.0,-0.2714285714285714,-0.145933014354067
cvghz8z,1,4,21,30439,411,2,1314745,44810,0,0,-0.054408482142857144,-0.013860013860013868,0.0,0.1285714285714286,-0.0029761904761904795
cvgjm5q,2,5,24,33584,3145,1,1311600,88725,0,0,0.0914837786259542,0.03813115441022419,0.0,0.4714285714285714,0.04103053435114504
cvgtnve,1,6,4,67557,33973,2,1277627,44810,0,0,0.685546875,0.3104643104643105,0.0,-0.4428571428571428,-0.09821428571428571
