comment_id,score,depth,length,time_since_submission,time_since_parent,parent_score,age,karma,submission_score,urls,alignment_content,alignment_syntax_3,alignment_syntax_4,alignment_features_binary,alignment_features_frequency
cvgyjsu,15,0,25,176,176,0,1268086,7683,0,0,0.11554024207085432,0.009898879142300197,0.0,-0.1285714285714286,-0.014619666048237473
cvgyorp,10,0,17,392,392,0,1267870,28884,0,0,0.0652222204162129,-0.02264808362369338,0.0,-0.21428571428571427,-0.061099101149163726
cvgywvh,8,0,63,737,737,0,1267525,2833,0,0,0.11791383219954651,0.04261302184728532,0.014705882352941176,0.3714285714285714,-0.042328042328042326
cvh20f0,6,0,71,5411,5411,0,1262851,9117,0,2,-0.012061256427453603,-0.0015299877600979158,0.0,0.12857142857142853,0.010289514866979654
cvh08e1,2,0,327,2766,2766,0,1265496,8126,0,0,0.009531251507346211,-0.0069498069498069494,0.008130081300813007,0.4142857142857143,-0.012743707734012483
cvh22rr,1,1,27,5508,2742,2,1262754,9962,0,0,0.06284180660992254,0.022524612133395183,0.0,0.14285714285714285,-0.026280193236714988
cvh2i4t,1,2,94,6155,647,1,1262111,8126,0,0,0.040344669984243124,0.0008403361344537818,0.0,0.4142857142857143,-0.010336264178803942
cvgyjd5,2,0,2,157,157,0,1268109,44810,0,0,-0.1215986394557823,-0.012820512820512822,,-0.5428571428571428,-0.09821428571428571
cvgynwh,2,0,37,355,355,0,1267911,20727,0,0,0.08365508365508366,0.0279837775202781,0.0,0.12857142857142856,0.058968058968058984
cvh0fdt,1,0,37,3063,3063,0,1265203,7284,0,0,0.10556474842189127,0.03348264277715565,0.0,-0.08571428571428573,0.02882882882882884
cvh09eo,1,1,18,2812,194,0,1265454,69014,0,0,0.2178816969236131,0.08457583547557841,0.0,0.1571428571428571,0.09181636726546906
cvhfq0m,2,1,9,25931,23313,0,1242335,6719,0,0,0.008475638807392365,-0.00909090909090909,0.0,-0.07142857142857144,-0.002632964718272776
cvh7lkf,-1,0,45,13631,13631,0,1254639,104315,0,0,-0.006755917076201779,-0.0249221183800623,0.0,0.2714285714285714,-0.049031237643337305
