comment_id,score,depth,length,time_since_submission,time_since_parent,parent_score,age,karma,submission_score,urls,alignment_content,alignment_syntax_3,alignment_syntax_4,alignment_features_binary,alignment_features_frequency
cvhazt1,4,0,29,6273,6273,1,1249751,6139,1,0,0.2183269476372925,-0.0455026455026455,0.0,0.5285714285714286,0.0034482758620689585
cvhb58o,4,1,21,6489,216,4,1249535,3870,1,0,0.1441729323308271,-0.005966255966255968,0.0,0.31428571428571433,0.04812030075187969
cvhb6du,0,2,15,6536,47,4,1249488,6139,1,0,0.3129629629629629,0.21044973544973547,0.06666666666666665,0.10000000000000002,0.033333333333333326
cvhk142,1,3,4,21205,14669,0,1234819,10316,1,0,0.15746124031007755,-0.03937728937728938,0.0,0.07142857142857144,-0.08139534883720931
cvhk4v1,2,4,4,21372,167,1,1234652,6139,1,0,0.3490740740740741,-0.0455026455026455,0.0,-0.18571428571428572,-0.1
cvi4j2e,1,3,9,72298,65762,0,1183726,23481,1,0,-0.08316498316498315,-0.06768988587170405,0.0,-0.07142857142857142,0.11010101010101009
cvi54rk,1,4,2,73260,962,1,1182764,6139,1,0,0.3490740740740741,-0.0455026455026455,,-0.32857142857142857,0.4
cvhbdxi,2,3,16,6838,302,0,1249186,3870,1,1,-0.029934210526315792,-0.052503052503052504,0.0,0.028571428571428564,0.09276315789473684
cvhfjg7,-1,4,7,13503,6665,2,1242521,10886,1,1,-0.19861111111111104,-0.031746031746031744,0.0,-0.2,0.01369047619047617
cvhbinx,2,4,40,7028,190,2,1248996,6139,1,0,0.13240740740740742,-0.02053168150729126,0.0,0.5285714285714286,-0.02500000000000001
cvhuxl6,2,3,106,43576,37040,0,1212448,321,1,1,0.010647583518664648,0.0032420949687136697,0.0,0.12857142857142853,0.01815051294927901
cvhn17w,2,2,14,25935,19446,4,1230089,29563,1,0,0.12780337941628261,-0.02575621443545972,0.0,0.0,0.010599078341013812
cvkg15i,1,0,51,239196,239196,1,1016828,9744,1,0,0.025326797385620915,-0.009320871135294995,0.0,0.15714285714285717,-0.06310708898944192
cvhnxfv,0,0,49,27366,27366,1,1228658,2017,1,0,0.11094224924012155,0.06825584007187784,0.038461538461538464,0.09999999999999999,-0.013393900931894853
cvi4lh3,1,1,28,72405,45039,0,1183619,23481,1,1,0.10598845598845598,0.0029176674944699967,0.03571428571428571,0.07142857142857142,-0.07640692640692641
cvhg100,-1,0,9,14373,14373,1,1241651,31039,1,0,0.0650226620537989,-0.05684242151119123,0.0,-0.2,-0.012712205326253126
