comment_id,score,depth,length,time_since_submission,time_since_parent,parent_score,age,karma,submission_score,urls,alignment_content,alignment_syntax_3,alignment_syntax_4,alignment_features_binary,alignment_features_frequency
cvhnmqw,14,0,173,760,760,1,1229002,12339,1,0,0.2823107781048039,-0.027854543392160033,0.0052434456928838954,0.16249999999999998,-0.025410530056758196
cvi3jcp,2,1,146,44577,43817,14,1185185,310,1,0,0.14896507838230613,-0.002228422251926547,0.013025119874042796,0.3125,0.03531202435312024
cvi4kux,5,0,47,46242,46242,1,1183520,7902,1,0,-0.052610260421564074,0.024990913438546158,0.0,0.1125,-0.0029262939706151403
cvhndgu,5,0,10,349,349,1,1229417,704,1,0,0.5774667698150362,0.06013071895424838,0.0,-0.16250000000000003,-0.04522821576763486
cvhpdiy,5,1,79,3610,3261,5,1226156,71478,1,0,0.07248338777569947,-0.03231949708791717,0.0,0.27499999999999997,0.0012123373150293992
cvhonag,5,0,97,2389,2389,1,1227381,64567,1,0,0.13661268837749704,0.03271650915275505,0.009467332501040366,0.4125,0.07290132547864506
cvhnr73,2,0,14,955,955,1,1228815,29563,1,0,0.12348668280871668,0.0432746683579092,0.0,0.08750000000000001,0.010599078341013812
cvi0f1w,1,0,47,38560,38560,1,1191210,17750,1,0,0.629663886650448,0.5628275687957587,0.5453183520599251,0.049999999999999975,-0.061285208166141455
cvi3125,1,0,182,43731,43731,1,1186039,12792,1,0,0.313427581100173,0.036215092097445035,0.010380425483374209,0.26249999999999996,0.0031894934333958763
cvhywug,1,0,73,34462,34462,1,1195312,14323,1,0,0.21718188225305438,0.08794876873308248,0.06390449438202246,0.175,-0.026003080165356254
cvi3otr,0,1,32,44820,10358,1,1184954,310,1,0,0.09037586315128686,-0.03431683389906373,0.0,0.3125,0.06527777777777778
cvi9hvh,0,0,27,53625,53625,1,1176149,20727,1,0,-0.015863320948066733,-0.06020039533774111,0.0,0.04999999999999999,-0.056147056147056146
