comment_id,score,depth,length,time_since_submission,time_since_parent,parent_score,age,karma,submission_score,urls,alignment_content,alignment_syntax_3,alignment_syntax_4,alignment_features_binary,alignment_features_frequency
cvi5j51,10,0,39,92,92,0,1181712,23317,0,0,0.26209612343048966,0.015678353291973264,0.0,0.016666666666666663,0.017988692821654967
cvi6omp,5,0,33,1849,1849,0,1179955,1294,0,0,0.15544760582928524,-0.043557168784029036,0.0,0.4166666666666667,0.002891510525098312
cvi7i64,4,0,23,3073,3073,0,1178735,14676,0,0,0.11301282378787106,-0.022988505747126433,0.0,0.25,-0.0076380728554641675
cvi5y1z,2,0,33,731,731,0,1181077,43399,0,0,0.013175230566534921,0.0008603482689792835,0.0,0.033333333333333326,-0.019480519480519473
cvi5lhb,3,0,20,195,195,0,1181613,16525,0,0,0.14258947874129235,-0.005747126436781612,0.0,0.4000000000000001,-0.0660220994475138
cviqwe2,1,1,50,32309,32114,3,1149499,22438,0,0,0.10040876997398739,-0.0018649068672717877,0.02040816326530612,-0.11666666666666668,-0.01669515669515667
cvirdvl,1,2,41,33181,872,1,1148627,16525,0,1,0.07726604289823827,0.008559550012227916,0.021739130434782608,0.4000000000000001,0.03031936396712033
cvirzq3,1,3,49,34268,1087,1,1147540,22438,0,0,0.05568827307957744,0.017607709765588255,0.0,0.04999999999999999,0.006570149427292282
cvisbey,1,4,40,34833,565,1,1146975,16525,0,0,0.11215469613259668,-0.03284072249589492,0.0,0.4000000000000001,0.008977900552486193
cvit6nj,1,5,44,36362,1529,1,1145446,22438,0,0,0.05060639843248539,-0.0212339457520847,0.0,-0.11666666666666668,-0.04305879305879305
cvigvmr,2,1,7,16445,16250,3,1165363,52034,0,0,-0.1504640937957987,-0.043253634506788416,0.0,-0.5833333333333333,-0.16853932584269662
cvjgvqu,1,0,17,92074,92074,0,1089734,212,0,0,0.15117931230463194,0.045035961551388046,0.0,0.08333333333333336,0.026143790849673207
cvi9lxl,1,0,14,6148,6148,0,1175664,371,0,0,0.016103059581320453,-0.04537205081669691,0.0,-0.10000000000000002,0.047619047619047616
