comment_id,score,depth,length,time_since_submission,time_since_parent,parent_score,age,karma,submission_score,urls,alignment_content,alignment_syntax_3,alignment_syntax_4,alignment_features_binary,alignment_features_frequency
cvii5wd,2,0,59,755,755,0,1163407,1862,0,1,0.03576756845521978,-0.027493476526277205,0.0,0.15714285714285717,-0.05341551104262969
cvit8vr,1,1,146,19010,18255,2,1145152,2794,0,0,0.09521710295625753,0.02260284331518452,0.006289308176100629,0.11428571428571428,-0.021519421359413538
cviigbn,1,1,53,1164,409,2,1162998,18175,0,0,0.16194810742113108,-0.0286978221415608,0.0,0.35714285714285715,0.0031372895585701083
cviijqd,1,2,59,1286,122,1,1162879,1862,0,0,0.1527974312477945,0.0029352815401545575,0.01515151515151515,0.3,-0.08731381612737546
cvimh2k,1,3,79,7173,5887,1,1156992,18175,0,0,0.016497904411816595,-0.04736367281475542,0.0,0.35714285714285715,0.0291702487178727
cvitbd9,3,2,52,19136,17972,1,1145029,2794,0,0,0.10394809798862244,0.021142115345835856,0.018867924528301886,0.11428571428571428,0.04196846062161913
cvirqif,2,0,103,16352,16352,0,1147813,19673,0,0,0.056184468873249904,-0.01490694654882422,0.008849557522123894,0.0,0.007708558072635749
cvis5mh,1,1,19,17096,744,2,1147069,18175,0,0,-0.1877468847763437,-0.036246081504702196,0.0,0.07142857142857142,-0.0574386786638728
cvivuzi,2,2,27,23681,6585,1,1140484,19673,0,2,-0.10122721928277487,0.025685914915180616,0.0,-0.2857142857142857,0.0023148148148148112
cvit1ss,2,0,758,18666,18666,0,1145499,2794,0,0,0.16000461842509006,-0.003929288346257492,0.012135922330097085,0.11428571428571428,0.02588362197741373
cvj8os1,1,0,114,61945,61945,0,1102220,41,0,0,0.053064302758305204,-0.042252198129489806,0.015503875968992248,0.2,-0.03944586625125181
cvjig8f,1,1,158,76857,14912,1,1087312,18175,0,0,0.10389995383918249,0.010485277024409144,0.022598870056497175,0.35714285714285715,-0.015133548750481715
