comment_id,score,depth,length,time_since_submission,time_since_parent,parent_score,age,karma,submission_score,urls,alignment_content,alignment_syntax_3,alignment_syntax_4,alignment_features_binary,alignment_features_frequency
cviic2n,2,0,14,581,581,0,1163145,704,0,0,-0.20706836059533146,-0.22848932676518868,0.0,-0.4125,-0.07379964433906344
cvj6nk1,0,1,10,56867,56286,2,1106859,53014,0,0,0.011691466747646538,-0.07842398042961025,0.0,-0.04999999999999999,-0.006741573033707857
cvik1id,1,1,4,2964,2383,2,1160762,13209,0,0,-0.008206155682496377,-0.19254718547628286,0.0,-0.5249999999999999,-0.11041009463722397
cvimy3r,1,0,104,7523,7523,0,1156203,5997,0,0,0.13022638022638022,-0.06074429771908765,0.02726289217454021,0.38749999999999996,-0.043091168091168086
cvitvww,1,0,14,19711,19711,0,1144018,87807,0,0,0.6930647904182878,0.6316084688376413,0.7659574468085106,-0.1875,-0.07034836618957602
cvivpyc,1,1,17,23013,3302,1,1140716,13209,0,0,0.1448145120440537,0.027389064885931153,0.0,-0.024999999999999994,-0.05158656522545926
cvj6h1x,3,2,11,56344,33331,1,1107385,87807,0,0,0.33592193327543046,0.21617332926457122,0.0,0.1875,-0.05086784670905653
cvj07o4,1,0,6,32653,32653,0,1131076,4332,0,0,0.2477477477477477,0.3329972290640394,0.2680851063829787,-0.1,0.1111111111111111
cvj1xny,1,0,106,38050,38050,0,1125683,21440,0,0,0.24013961912465495,0.03751078455929423,0.018330605564648116,0.2875,0.03025374105400129
cvjgylq,1,0,331,74308,74308,0,1089425,20727,0,0,0.5015900198393871,0.5406321329519895,0.5774140752864156,0.3,0.014793975519051067
cvjkild,1,1,10,79346,5038,1,1084387,13209,0,0,0.06611816864182796,-0.05406880561859253,0.0,0.1,-0.010410094637223963
cvil1e9,1,0,8,4452,4452,0,1159281,5478,0,0,0.640015015015015,-0.11869575416373446,0.0,0.375,0.05555555555555555
cviqepv,1,1,6,13539,9087,1,1150194,704,0,0,-0.1716758252027962,-0.3115763546798028,0.0,-0.4125,-0.14522821576763487
cvizxpg,1,2,15,31927,18388,1,1131806,16541,0,0,0.5842409573752858,0.548410732918005,0.17872340425531916,0.062499999999999986,0.2019900497512438
cvimxa4,0,0,9,7484,7484,0,1156249,1897,0,0,-0.03446925186055621,0.14082547104171894,0.13404255319148936,0.0875,-0.08695652173913043
cvion9b,3,1,77,10431,2947,0,1153306,9578,0,0,0.06565542223228432,0.04434420029150759,0.04874274661508704,0.11249999999999999,0.021137341264124143
