comment_id,score,depth,length,time_since_submission,time_since_parent,parent_score,age,karma,submission_score,urls,alignment_content,alignment_syntax_3,alignment_syntax_4,alignment_features_binary,alignment_features_frequency
cviici7,5,0,22,93,93,0,1163122,23317,0,0,0.13205419847631292,-0.0983550180546799,0.0,-0.1375,0.0005061753391374657
cviiffj,1,1,85,207,114,5,1163008,1862,0,0,0.11446746256434838,0.06650935516204476,0.031578947368421054,0.33749999999999997,-0.05062388591800357
cvj1rew,1,2,17,36917,36710,1,1126298,120,0,0,0.1915452911670825,0.14520547945205484,0.10526315789473684,-0.2749999999999999,0.06019151846785227
cvj8gng,3,3,43,60573,23656,1,1102642,337,0,0,-0.02251653441652764,0.02019402080299257,0.0,0.03749999999999999,0.08093137464845032
cviighq,4,0,50,244,244,0,1162971,89668,0,0,0.2611764705882353,-0.006446414182111212,0.0,0.38749999999999996,0.02976744186046512
cviqrpp,-2,0,12,13688,13688,0,1149530,14676,0,0,0.1993464052287581,0.4065310640653106,0.1,0.012499999999999983,0.07207207207207206
cvivyw9,-2,1,21,22952,9264,-2,1140266,1205,0,0,-0.2561254386812196,-0.07712714644028558,0.0,-0.2375,-0.08839627805145048
cviwknv,3,2,27,24084,1132,-2,1139134,6312,0,0,-0.03132275132275133,-0.10149762225849956,0.0,0.2,0.017777777777777767
cvizk78,1,3,40,30492,6408,3,1132726,38008,0,0,0.0323238206173559,-0.05380821917808217,0.0,-0.15000000000000002,-0.032013201320131995
cviwurp,5,1,36,24618,10930,-2,1138600,24643,0,0,0.014270673713398147,0.10273972602739728,0.07894736842105263,-0.03749999999999999,-0.06259968102073367
cvisqra,-2,0,93,17199,17199,0,1146019,872,0,0,0.2253880212134482,0.04690829386828067,0.028571428571428567,0.07499999999999998,-0.037275985663082434
