comment_id,score,depth,length,time_since_submission,time_since_parent,parent_score,age,karma,submission_score,urls,alignment_content,alignment_syntax_3,alignment_syntax_4,alignment_features_binary,alignment_features_frequency
cvje0rg,6,0,89,268,268,1,1093007,23317,1,0,0.05802376066664999,-0.012518046946164912,0.0,0.23750000000000002,0.03268186481819774
cvjhh14,3,0,199,5196,5196,1,1088079,33149,1,0,0.38402428810720274,0.279619172738248,0.24862473092561585,0.17499999999999996,-0.007127424562425655
cvjf5jc,2,0,179,1901,1901,1,1091374,133804,1,1,0.34136339261417287,0.3574166623057197,0.2972972972972973,0.2625,-0.00545853275920026
cvjec0e,1,0,26,721,721,1,1092554,44810,1,0,0.053313873626373694,0.13130252100840334,0.03853853853853854,0.17500000000000004,-0.021291208791208785
cvjokch,1,0,39,15141,15141,1,1078134,14676,1,0,0.22663288288288289,0.024836601307189538,0.0,0.2625,-0.017671517671517672
cvjjcek,-5,0,378,7842,7842,1,1085433,17647,1,0,-0.011223517880322623,0.006721364940328138,0.01981981981981982,0.024999999999999994,-0.027402687166000778
cvjsyn1,0,1,3,21592,13750,-5,1071683,1579,1,0,-0.31422369765066394,-0.06479414360625098,0.0,-0.7625,-0.11542390194075587
cvk6yji,1,1,33,46412,38570,-5,1046863,1353,1,0,0.08179932812285752,0.031450427704714165,0.0,0.4375,-0.04483751542575071
cvjjxh1,5,1,33,8671,829,-5,1084608,11223,1,0,-0.07252948201224063,-0.018528833551769337,0.0,-0.1125,0.04635020152261532
cvjk3n8,-7,2,50,8912,241,5,1084367,17647,1,0,-0.07952378243058716,-0.019135673417840338,0.0,0.024999999999999994,-0.017032316795630387
cvjk9qi,2,3,86,9150,238,-7,1084129,11223,1,0,0.060684929545194166,-0.001429820033318471,0.0,0.012499999999999983,0.015694810402107906
cvjr6f0,3,1,20,18865,11023,-5,1074414,438,1,0,0.10110645933014355,-0.035371857994299045,0.0,-0.0625,-0.03636363636363635
cvjvcwo,1,2,90,25510,6645,3,1067769,17647,1,0,-0.050773782430587173,-0.01632425473271923,0.0,0.024999999999999994,-0.01258787235118597
cvjwyr5,1,3,139,28202,2692,1,1065077,438,1,0,-0.07160037520223057,0.023831178058831875,0.013513513513513514,0.1875,-0.014061478090255056
