comment_id,score,depth,length,time_since_submission,time_since_parent,parent_score,age,karma,submission_score,urls,alignment_content,alignment_syntax_3,alignment_syntax_4,alignment_features_binary,alignment_features_frequency
cvjgdrd,20,0,21,512,512,0,1089570,21440,0,0,0.2852163779861222,0.21589205397301353,0.13636363636363635,0.2875,0.02216748768472905
cvjrbk5,1,1,3,15951,15439,20,1074131,229045,0,0,-0.22700119474313016,-0.07853216249018345,0.0,-0.5375,-0.09764309764309764
cvji3qj,4,1,22,2967,2455,20,1087115,43399,0,0,-0.07561793045664014,-0.09085277720421224,0.0,0.075,0.02597402597402597
cvjgeqg,3,0,43,549,549,0,1089533,1359,0,0,0.04859555314360506,0.09129027514918261,0.043478260869565216,0.13749999999999998,0.03768431469569522
cvjgcei,5,0,89,458,458,0,1089628,204010,0,0,0.1928670725496763,0.031383225929219404,0.02040816326530612,0.17500000000000002,0.024391978381453572
cvjh8q9,3,0,134,1729,1729,0,1088357,21484,0,0,0.03265036823053194,0.03831380268526096,0.034482758620689655,0.21249999999999997,0.04819469901952228
cvjgciq,1,0,45,463,463,0,1089626,133804,0,0,0.030908586745540277,0.11220952366545396,0.0,0.1375,0.02731614135625597
cvjq5kp,1,0,83,14248,14248,0,1075841,5039,0,0,0.18440616565106233,0.0651235091683579,0.0,0.012499999999999983,0.014424671161711061
cvjjmnm,0,0,116,5116,5116,0,1084973,33822,0,0,-0.009345228636504653,0.055013847390705514,0.022556390977443608,0.1875,-0.008562045507858315
cvjgl79,0,0,76,803,803,0,1089286,2156,0,0,0.11678354371201498,0.021126749655761,0.0,0.4,0.037490465293668965
cvjh67v,-3,1,16,1630,827,0,1088463,20209,0,0,0.15578733209138154,-0.033461853383497615,0.0,-0.39999999999999997,-0.016843971631205684
cvjhkbx,3,2,40,2200,570,-3,1087893,2156,0,0,0.007106124357176243,-0.024650903523069645,0.022727272727272728,0.15000000000000002,-0.0072463768115941934
cvjolml,2,3,11,12060,9860,3,1078033,5424,0,0,-0.029498016215283744,0.3277004772467568,0.1111111111111111,0.1,-0.020855614973262035
cvju1o6,2,4,49,20188,8128,2,1069905,2156,0,0,-0.08795641678831417,0.04410426137813989,0.02,0.275,0.07642709257616091
cvjqtpv,0,0,33,15209,15209,0,1074884,438,0,0,-0.12414467253176935,-0.03960819394512239,0.0,0.1875,-0.015151515151515138
