comment_id,score,depth,length,time_since_submission,time_since_parent,parent_score,age,karma,submission_score,urls,alignment_content,alignment_syntax_3,alignment_syntax_4,alignment_features_binary,alignment_features_frequency
cvju6ko,7,0,35,2972,2972,0,1069534,18833,0,0,0.3191278820463765,0.1071002112611372,0.20145145145145144,0.575,-0.0576112412177986
cvjwcyx,2,1,22,6621,3649,7,1065885,12362,0,0,0.2684815184815186,0.32228912158231554,0.2866809116809117,0.22500000000000003,0.055444555444555454
cvkgn4k,1,2,18,58301,51680,2,1014205,5755,0,0,-0.10132869287798862,0.06529947585694168,0.05915637860082305,-0.3375,-0.10810810810810811
cvk2ow8,3,1,46,17401,14429,7,1055105,2833,0,0,-0.026122921101488127,0.11738895171480337,0.12286324786324787,0.375,-0.050609615827007126
cvjsmu3,6,0,111,509,509,0,1071997,33149,0,0,0.4154589371980676,0.30088756148589574,0.3970495919648462,0.17499999999999996,0.057474866170518335
cvjt1eo,-1,1,15,1141,632,6,1071365,176,0,0,0.15599658557405033,-0.17015706806282715,0.0,-0.10000000000000003,0.014756258234519107
cvjt75h,5,2,55,1394,253,-1,1071112,33149,0,0,0.12181830552926688,0.264541103477721,0.16522988505747127,0.17499999999999996,0.0409310496267018
cvjum4x,5,0,207,3682,3682,0,1068824,8126,0,0,0.031103581515917012,0.04056453448668338,0.06974769529354682,0.4125,-0.0007772139167009501
cvjwcbt,3,1,29,6594,2912,5,1065912,12645,0,0,-0.14443672150599238,0.016834474426097448,0.036717752234993614,0.15000000000000002,-0.038818913896345245
cvk2rby,-2,2,16,17525,10931,3,1054981,2833,0,0,0.10965096132349655,-0.005264905837305645,0.07098765432098765,0.25,-0.012566137566137559
cvjwwv5,1,2,10,7541,947,3,1064965,8126,0,0,-0.2512329497489669,-0.2591623036649215,0.0,-0.3375,-0.1167192429022082
cvjxen2,1,3,7,8381,840,1,1064125,12645,0,0,-0.12951963276665981,-0.13290374546919057,0.0,-0.475,0.035072711719418295
cvkktjb,1,0,245,65098,65098,0,1007408,145,0,0,0.04662256755128949,-0.004112636341017731,0.07232704402515723,0.0625,-0.002956773260485296
cvjut99,0,0,27,4018,4018,0,1068488,31039,0,0,0.14683212855592537,-0.12163391662675266,0.0,-0.03750000000000002,0.02432483171078391
cvkk18h,-2,0,7,63976,63976,0,1008530,20727,0,0,0.05553591821197474,-0.292896446706667,0.0,-0.2,-0.13022113022113022
