comment_id,score,depth,length,time_since_submission,time_since_parent,parent_score,age,karma,submission_score,urls,alignment_content,alignment_syntax_3,alignment_syntax_4,alignment_features_binary,alignment_features_frequency
cvkuwp9,3,0,30,2636,2636,0,992638,133804,0,0,0.41855583284550835,0.030135207003763702,0.0,0.1375,0.02731614135625597
cvl93kx,1,1,24,25868,23232,3,969406,9117,0,0,0.4415770609318997,-0.042704467888066436,0.0,0.16249999999999998,-0.005555555555555564
cvlio24,1,2,36,54864,28996,1,940410,133804,0,0,0.21975057597573544,-0.04586207787510012,0.0,0.2625,-0.02268385864374403
cvl7g1a,3,0,88,23048,23048,0,972226,14974,0,0,0.22489933740045456,0.013947823353763947,0.020888888888888887,0.03749999999999999,0.028613699320070518
cvkvjy6,4,0,44,3535,3535,0,991739,69014,0,2,0.4334322557231577,0.057015546578528586,0.021315192743764172,0.3125,0.15242242787152965
cvkulcn,6,0,20,2202,2202,0,993072,33149,0,0,0.19647810503350474,-0.06304704482999057,0.0,0.17499999999999996,0.027294685990338158
cvlqebu,1,1,53,73112,70910,6,922162,4865,0,0,0.3000600428924739,-0.03731627603808054,0.0,0.325,-0.04598579176533496
cvkycx7,3,0,58,7537,7537,0,987737,26988,0,0,0.11730714070840413,0.012223746205186766,0.0,0.075,-0.07900362487220003
cvl57gz,-1,1,3,19139,13055,1,976135,2833,0,0,-0.29857199749672864,-0.08971017926241807,0.0,-0.375,0.19576719576719576
cvlonwm,0,2,3,70475,51336,-1,924799,508,0,0,-0.4340039713761193,-0.13219755155239024,0.0,-0.6874999999999999,-0.10452961672473868
cvlf804,0,0,15,38005,38005,0,957269,7346,0,0,0.12247381499802594,-0.14519427402862983,0.0,0.08750000000000001,0.031821454283657305
