comment_id,score,depth,length,time_since_submission,time_since_parent,parent_score,age,karma,submission_score,urls,alignment_content,alignment_syntax_3,alignment_syntax_4,alignment_features_binary,alignment_features_frequency
cvku3bb,7,0,34,331,331,0,993617,133804,0,0,0.12738543363859392,-0.022336769759450172,0.0,0.2714285714285714,0.01162986684645205
cvkv1ia,-1,1,78,1603,1272,7,992345,63,0,0,0.408234912573861,0.06469907407407408,0.02474763920547053,0.42857142857142855,0.11402992107433149
cvkvxjt,1,2,15,2868,1265,-1,991083,22438,0,0,0.16981112166297355,0.09774294215835688,0.07335907335907337,-0.2285714285714286,-0.15669515669515668
cvkx03s,2,2,23,4393,2790,-1,989558,1521,0,0,-0.1462629119044814,0.013652968036529683,0.0,0.028571428571428564,-0.06786850477200425
cvkzmhx,2,3,9,8242,3849,2,985713,63,0,0,0.05939034150706771,0.09479166666666666,0.0,-0.42857142857142855,-0.039816232771822356
cvkzr58,1,4,46,8447,205,2,985508,1521,0,0,-0.0544754722909548,0.1316671524336928,0.022326674500587545,0.028571428571428564,0.040827147401908806
cvku1pe,5,0,3,269,269,0,993686,5657,0,0,-0.10332864510079699,-0.018055555555555557,0.0,-0.4,-0.15949367088607594
cvku2y4,6,0,51,317,317,0,993643,4094,0,0,-0.015140340615277673,-0.01127902574457345,0.0,0.35714285714285715,0.008545052262149994
cvky33f,0,1,24,5933,5616,6,988027,4865,0,0,0.21509971509971507,-0.04824561403508771,0.0,0.15714285714285717,-0.038124156545209176
cvlbqnp,2,1,43,29219,28902,6,964741,21440,0,0,0.018058154385339642,0.006635503975929505,0.0,0.27142857142857146,-0.0044105854049719395
cvlf1py,1,2,21,36301,7082,2,957659,4094,0,0,0.1543793191004605,0.05965351393796624,0.04465334900117509,0.07142857142857142,-0.0418751158050769
cvlflo1,1,3,61,37902,1601,1,956058,21440,0,0,0.06205640349224296,-9.111678863716563e-19,0.0,0.27142857142857146,0.010457885811192766
cvkv4w7,2,0,190,1734,1734,0,992226,924,0,0,0.010286775804017172,0.007297445186610816,0.004711133151500124,0.1857142857142857,-0.000643458175218603
cvl3ph7,1,0,15,15190,15190,0,978770,27996,0,0,0.1829522764982142,-0.042483660130718956,0.0,-0.15714285714285717,0.003492786636294598
cvlbozy,1,0,17,29149,29149,0,964811,21440,0,0,0.10277214334009466,-0.016414141414141412,0.0,-0.0142857142857143,-0.1206896551724138
cvkudk7,1,0,47,684,684,0,993276,33149,0,0,0.27511639504650093,-0.019251401544343204,0.0,0.1714285714285714,-0.05887552677561929
