comment_id,score,depth,length,time_since_submission,time_since_parent,parent_score,age,karma,submission_score,urls,alignment_content,alignment_syntax_3,alignment_syntax_4,alignment_features_binary,alignment_features_frequency
cvl6j40,4,0,667,4047,4047,0,973632,24415,0,0,0.31421722293933235,0.23234493440296497,0.28284366216035334,0.4125,-0.011989016578185407
cvl6kym,2,0,571,4133,4133,0,973546,4953,0,0,0.08964857194527288,0.07907407691589881,0.16519709543568464,0.04999999999999999,-0.015862791726001274
cvmfaz0,1,1,39,98327,94194,2,879356,6064,0,0,-0.045842591509765024,0.0065769006416488635,0.0,0.3625,-0.005658357547025539
cvmh8j7,1,2,72,103033,4706,1,874650,4953,0,0,0.06420301719097174,-0.07607287477126913,0.013033301415044154,0.04999999999999999,0.03346587143803842
cvmjlmx,1,3,71,110165,7132,1,867518,6064,0,0,0.0005534316882466329,-0.026957949998464955,0.02710926694329184,0.3625,-0.007102922371872045
cvmwios,1,4,404,150279,40114,1,827404,4953,0,0,-0.041213406804368885,-0.044857238927468554,0.018194138888115326,0.04999999999999999,0.01531405625652027
cvl4npy,1,0,100,714,714,0,976969,22993,0,0,0.13768972874123753,0.016927779548381833,0.008265020409540195,0.3375,-0.047944732297063905
cvl4z86,1,1,89,1314,600,1,976372,16,0,1,0.03706821581382401,-0.000399750399750412,0.01037344398340249,0.32500000000000007,-0.01817465010841711
cvltvpj,1,2,17,60724,59410,1,916966,31039,0,0,-0.05580430408735457,0.0627001898129243,0.0,-0.2875,-0.06499978702559953
cvl5486,2,2,5,1570,256,1,976120,22993,0,0,0.0953367875647669,-0.17073569037315242,0.0,-0.4125,-0.1079447322970639
cvl5fn8,1,3,5,2143,573,2,975547,16,0,0,0.0148606811145511,0.6404001404001404,0.0,-0.30000000000000004,0.08070175438596493
cvl4y17,1,0,58,1251,1251,0,976439,289,0,0,0.3037482741575332,-0.0779421029421029,0.0,0.42500000000000004,0.024485656331498115
cvl5e3r,1,1,32,2063,812,1,975627,16,0,0,0.023684210526315856,-0.06755781755781756,0.0,0.07499999999999998,0.06820175438596492
cvl6d3i,1,0,14,3754,3754,0,973936,6312,0,0,0.034957983193277385,0.1207080507598642,0.0,0.2,-0.021904761904761913
cvl7iey,1,0,453,5756,5756,0,971934,12338,0,0,0.4462343571735409,0.32296653869529357,0.33478311586595344,0.44999999999999996,0.03130186142155798
cvls8wf,1,0,10,58370,58370,0,919320,16,0,0,0.2972136222910215,0.14175149175149174,0.0,-0.05000000000000002,-0.01929824561403508
