comment_id,score,depth,length,time_since_submission,time_since_parent,parent_score,age,karma,submission_score,urls,alignment_content,alignment_syntax_3,alignment_syntax_4,alignment_features_binary,alignment_features_frequency
cvm9z2s,4,0,53,979,979,0,890137,17602,0,0,0.44304618189122974,0.18038891741292898,0.256959637872501,0.33749999999999997,-0.037828794497629895
cvmamh8,7,0,42,2304,2304,0,888812,1117,0,0,0.119638426090039,0.16674419549594874,0.07584676252050564,0.2125,0.053113553113553105
cvm9n5s,5,0,8,325,325,0,890795,15411,0,0,-0.21183132485854944,-0.07226100250817476,0.0,-0.2375,-0.004840546697038733
cvm9xo8,4,1,12,901,576,5,890223,18833,0,0,0.2801097303014276,0.4617072635505815,0.29649188985288566,0.2,-0.03142076502732241
cvmav5l,3,0,37,2796,2796,0,888328,31451,0,0,-0.07846556233653007,-0.035990865848330236,0.02588421260620431,0.4125,0.021621621621621623
cvmce0g,3,0,7,6004,6004,0,885120,16525,0,2,-0.4310728925325255,0.07345342829213802,0.0,-0.024999999999999994,-0.11602209944751381
cvmbi7z,6,0,26,4153,4153,0,886971,13255,0,0,0.23220960338151025,-0.08515556760338538,0.0,0.2375,0.0123104743357908
cvmclug,1,1,15,6472,2319,6,884652,17602,0,0,0.19426346734466868,-0.29574669812360815,0.0,0.08750000000000001,0.020032840722495893
cvmcmw2,2,2,6,6538,66,1,884586,13255,0,0,-0.13999883334305563,0.7497650673172497,0.5435684647302904,-0.2625,0.06359252561784207
cvmcqbh,-1,3,8,6739,201,2,884385,17602,0,0,0.027932822183378385,0.223673973370796,0.0,-0.16249999999999998,-0.11330049261083744
cvmcy8r,-1,5,9,7217,156,1,883907,17602,0,0,-0.24928491975210565,-0.295746698123608,0.0,-0.28750000000000003,-0.11330049261083744
cvmfy6d,2,0,55,13944,13944,0,877180,32141,0,0,0.26348032223832396,0.14635554238643644,0.07013786641681166,0.2875,-0.003077467279801932
