comment_id,score,depth,length,time_since_submission,time_since_parent,parent_score,age,karma,submission_score,urls,alignment_content,alignment_syntax_3,alignment_syntax_4,alignment_features_binary,alignment_features_frequency
cvmiswj,2,0,81,5111,5111,3,869455,9820,3,0,0.1681819157195751,0.20712611813968468,0.1052014652014652,0.03749999999999999,0.006423186415461413
cvmwlww,1,1,8,48124,43013,2,826446,21694,3,0,0.10718644781144766,-0.32101167315175083,0.0,-0.4125,-0.1259259259259259
cvnh189,1,2,19,86581,38457,1,787993,5478,3,0,0.29270501063264226,0.3159650098007665,0.06136752136752136,0.625,0.0884502923976608
cvntt2r,1,3,16,127222,40641,1,747352,12978,3,0,0.5514658505154638,0.05659709939865587,0.15780219780219779,0.26249999999999996,-0.014175257731958768
cvmimoq,1,0,22,4583,4583,3,869995,12221,3,0,0.7962492053401142,-0.19543285736922725,0.0,0.475,0.044755244755244755
cvmmn7i,0,0,135,22063,22063,3,852515,245,3,0,0.14057239057239054,0.14485630418458595,0.1828833418237392,0.45,0.00740740740740739
cvmjzz4,-1,0,28,9354,9354,3,865228,665,3,0,0.23332239568941715,0.13148560214901855,0.19725274725274727,0.037500000000000006,-0.0439209726443769
cvmo1sc,0,1,37,28842,19488,-1,845744,23034,3,0,0.3017524068107729,-0.1411719440583652,0.08284615384615385,-0.07500000000000001,-0.02397728467767378
cvmq9fq,2,2,53,35877,7035,0,838709,5279,3,0,0.37701795984259906,-0.1381322957198444,0.0,0.45,-0.0022197558268590434
cvmyczd,2,2,15,51064,22222,0,823522,8151,3,1,0.08957642114576429,0.4262974379705893,0.23670329670329673,-0.5,0.102676399026764
cvmyn9t,1,3,2,51548,484,2,823038,23034,3,0,0.1735275910859577,0.3542252278121854,0.0,-0.825,-0.10505836575875487
cvmyqju,1,4,18,51710,162,1,822876,8151,3,0,0.38477844134778416,0.550811056647632,0.3248868778280543,-0.25,0.06934306569343064
cvmzlrp,1,5,15,53136,1426,1,821450,23034,3,0,0.2367851668435327,-0.04599711793545128,0.0,-0.07500000000000001,-0.0383916990920882
cvn78is,1,3,40,66952,15888,2,807634,421,3,0,0.06501473063973065,0.27259428121920887,0.21553470919324577,0.4125,-0.007407407407407404
