comment_id,score,depth,length,time_since_submission,time_since_parent,parent_score,age,karma,submission_score,urls,alignment_content,alignment_syntax_3,alignment_syntax_4,alignment_features_binary,alignment_features_frequency
cvo3b3z,11,0,134,809,809,3,731583,5755,3,0,0.04476933976494994,0.0567874112297553,0.04857142857142858,0.0,0.018757563533682936
cvo3brk,8,0,133,836,836,3,731556,4898,3,0,0.03603411786637229,0.009882731000743406,0.03469387755102041,0.19999999999999996,0.0245137637482135
cvo9io4,4,0,12,10097,10097,3,722295,69014,3,0,0.33593107901843366,-0.02677673282345239,0.0,-0.25,-0.0748502994011976
cvo3pxz,2,0,45,1416,1416,3,730976,31039,3,0,0.15710932212614714,0.005432521003744052,0.044347826086956525,0.08333333333333331,-0.012712205326253126
cvovq33,1,1,39,65890,64474,2,666502,20459,3,0,-0.031170179706981382,-0.0362989159327832,0.0,0.3833333333333333,-0.027573766267233624
cvtyigb,1,2,19,428058,362168,1,304334,1533,3,0,-0.11234597302708764,0.0018711041728944502,0.0,-0.16666666666666666,0.10511321037636825
cvokeq0,0,0,130,29445,29445,3,702951,4421,3,0,0.1205128205128205,-0.005682141370958814,0.051000000000000004,0.21666666666666665,0.04043534403246635
cvo4tsi,-2,0,177,3026,3026,3,729370,1981,3,0,0.006713877471186716,-0.045071015033538615,0.031065989847715733,0.033333333333333326,-0.02293511334719818
cvo783s,5,1,332,6527,3501,-2,725869,5755,3,0,-0.027940287153611024,-0.006890426105371067,0.013672922252010725,0.0,-0.002686421361120156
cvo7uaa,-2,2,157,7464,937,5,724932,1981,3,0,-0.08969117488766026,-0.07107264625256116,0.017586206896551722,0.033333333333333326,-0.014910355349429277
cvo8c4b,6,3,153,8226,762,-2,724170,5755,3,0,-0.04922149039796098,0.013329410500390238,0.035375722543352604,0.0,0.009538950715421296
cvo8oum,-2,4,225,8778,552,6,723618,1981,3,0,-0.05055874909356347,-0.04382987012509694,0.024285714285714285,0.033333333333333326,-0.011485019185239614
cvo91yc,4,5,320,9348,570,-2,723048,5755,3,0,0.03045579718373836,0.05186315222551619,0.052758620689655165,0.0,0.02314189189189189
cvo9l4x,-1,6,327,10209,861,4,722187,1981,3,0,0.0410344631148673,0.012164780000488208,0.059832402234636865,0.033333333333333326,-0.01054720063274217
cvo9yxu,4,7,208,10820,611,-1,721576,5755,3,0,-0.023376216390922286,0.03341027915697103,0.03991304347826087,0.0,0.0024688149688149585
cvoul8n,-3,0,104,63270,63270,3,669126,-74,3,2,0.09376490827345935,-0.0076365326108875295,0.008869565217391304,0.18333333333333335,0.01320963381666257
