comment_id,score,depth,length,time_since_submission,time_since_parent,parent_score,age,karma,submission_score,urls,alignment_content,alignment_syntax_3,alignment_syntax_4,alignment_features_binary,alignment_features_frequency
cvoq2mq,3,0,173,8258,8258,3,686839,1919,3,0,0.21641299398032876,0.041597125564683486,0.09912620426975642,0.037500000000000006,0.05725169272088469
cvowl7x,1,1,77,30680,22422,3,664421,5813,3,0,0.13420606060606063,0.0648546784038696,0.06330588783594843,0.1625,-0.013437229437229428
cvoocr7,3,0,234,1786,1786,3,693315,20209,3,0,-0.023754968435819503,0.08748820335524732,0.04828914234928159,0.09999999999999999,0.020549190761956715
cvopo2b,1,0,6,6546,6546,3,688555,3702,3,0,-0.0025396825396825436,-0.20312456016889505,0.0,-0.525,-0.12698412698412698
cvonzmm,1,0,110,663,663,3,694442,4421,3,0,0.2249487682581207,0.17512462931354644,0.09438332368268673,0.2625,0.03344233703945934
cvoofom,4,1,85,2047,1384,1,693062,20209,3,0,0.19754216580249115,0.09176779329000963,0.06292221578845782,0.09999999999999999,-0.035961618690029215
cvoopbz,0,2,62,2925,878,4,692184,4421,3,0,0.19116577705577456,0.07778149760071427,0.1023593792051673,0.1375,-0.024328923957608106
cvop95d,5,3,29,4923,1998,0,690186,16410,3,0,-0.02145130158067712,0.0717333950474428,0.06698171358126155,-0.06250000000000001,0.09311909854452502
cvoucp8,-1,4,29,25694,20771,5,669415,-74,3,0,-0.16692739892034808,0.14055253075216778,0.06698171358126155,0.09999999999999999,-0.017957474936653076
cvozfyb,3,5,102,35643,9949,-1,659466,16410,3,0,0.09376168016374477,-0.019324465852615724,0.04436822908160488,0.1875,-0.030613152976773167
cvoo2w1,0,0,17,927,927,3,694182,47477,3,0,0.4174868390936141,0.2695834878259796,0.1221431247658299,-0.1375,0.000915541313801782
