comment_id,score,depth,length,time_since_submission,time_since_parent,parent_score,age,karma,submission_score,urls,alignment_content,alignment_syntax_3,alignment_syntax_4,alignment_features_binary,alignment_features_frequency
cvou320,9,0,35,4795,4795,0,670103,1813,0,0,0.11923549907767982,0.07817423286265307,0.08747044917257682,0.09999999999999999,0.09329268292682928
cvp37oq,3,0,43,21682,21682,0,653216,4,0,0,0.1430535254984464,-0.03688558816511573,0.02233288063980685,0.14999999999999997,0.020981406720873397
cvoswl5,3,0,60,1008,1008,0,673890,62745,0,0,0.10548284887725583,0.13842440710091514,0.08603650738286246,0.175,0.08758782201405153
cvpgxyu,1,0,176,42787,42787,0,632115,16339,0,0,0.23365473665342207,0.14374196729739233,0.055536793125445606,0.35,-0.022949466734382945
cvqb0ew,1,0,37,109504,109504,0,565398,3599,0,0,0.411912596591119,0.06228995860053573,0.05382796872158574,0.125,-0.01775612822124449
cvow17k,2,0,95,9385,9385,0,665517,20209,0,0,0.3298433819216376,0.2406609573422411,0.32677639502207945,0.09999999999999999,-0.00500186636804778
cvp1q3k,1,1,111,19444,10059,2,655462,2791,0,0,0.04399881992362281,-0.01168946068778987,0.01706740471660036,0.22499999999999998,-0.005317172842946055
cvpa3c1,1,2,136,31914,12470,1,642992,17829,0,0,0.08996539792387544,-0.037228874585101636,0.021421334491243307,0.375,-0.0066844919786096385
cvpb16k,1,3,180,33289,1375,1,641617,2791,0,0,-0.07174044875682212,-0.039888497478020375,0.036194668623135244,0.22499999999999998,-0.04810996563573884
cvowgm6,1,0,242,10246,10246,0,664660,47239,0,0,0.3513332554496589,0.2088720067722691,0.2122444722569879,0.25,0.006139620304525167
cvovi1g,2,1,40,8265,247,0,666641,14074,0,0,0.18187206441511955,0.10034352404917149,0.1597286463151403,-0.012500000000000011,-0.010266159695817484
